,0
0,CC(=O)C(F)=C(C(C)=O)C(C)=O
1,CNC(=O)/C(N)=C(\N)C(=O)NC
2,N#CC(=C(c1ccccc1)c1ccccc1)c1ccccc1
3,CC(=O)/C(C)=C(/C)C(C)=O
4,COC(=O)C(C)=C(C)C
5,CC(=O)/C=C\C(C)=O
6,N/C=C/N
7,C/C=C/C
8,COC(=O)/C(=C(/C(=O)OC)C(F)(F)F)C(F)(F)F
9,CC(C)=C(c1ccccc1)c1ccccc1
10,CC(=O)C(Cl)=C(Cl)Cl
11,CC(=O)/C(Cl)=C(/Cl)C(C)=O
12,COC(=O)/C(C)=C(/C)C(=O)OC
13,COC(=O)/C(C)=C(\C)C(=O)OC
14,NC(N)=C(N)C(F)(F)F
15,N/C(F)=C(/N)F
16,CNC(=O)C(Br)=C(C(=O)NC)C(=O)NC
17,FC(F)=C(F)c1ccccc1
18,FC(F)(F)C(=C(C(F)(F)F)C(F)(F)F)c1ccccc1
19,CNC(=O)C(=C(C(F)(F)F)C(F)(F)F)C(F)(F)F
20,CC(C)=C(N)N
21,C=Cc1ccccc1
22,C/C(=C(/C)C(F)(F)F)C(F)(F)F
23,CNC(=O)C(F)=C(C(=O)NC)C(=O)NC
24,COC(=O)C(C(=O)OC)=C(C(C)=O)C(C)=O
25,CC(C)=C(Br)Br
26,CNC(=O)C(C(=O)NC)=C(F)F
27,CC(=O)C(F)=C(F)F
28,CNC(=O)/C(F)=C(/F)C(=O)NC
29,CC(=O)/C(Br)=C(/Br)C(C)=O
30,C=CC
31,N#C/C(=C(\C#N)c1ccccc1)c1ccccc1
32,COC(=O)/C(F)=C(/F)C(=O)OC
33,COC(=O)C(C(=O)OC)=C(C(=O)OC)c1ccccc1
34,ClC(Cl)=C(c1ccccc1)c1ccccc1
35,Cl/C(=C(/Cl)c1ccccc1)c1ccccc1
36,CC(N)=C(N)N
37,CC(C)=C(C)N
38,CNC(=O)/C(C)=C(/C)C(=O)NC
39,C(=C(c1ccccc1)c1ccccc1)c1ccccc1
40,CNC(=O)C(=C(c1ccccc1)c1ccccc1)c1ccccc1
41,CNC(=O)C(C#N)=C(C#N)C#N
42,CNC(=O)C(C(=O)NC)=C(C(F)(F)F)C(F)(F)F
43,CNC(=O)/C(N)=C(/N)C(=O)NC
44,C=C(C(=O)OC)C(=O)OC
45,C/C(N)=C(\C)N
46,C/C(Br)=C(/C)Br
47,CC(=O)C(C#N)=C(C(C)=O)C(C)=O
48,C=CC(C)=O
49,COC(=O)C(C(C)=O)=C(C(=O)OC)C(=O)OC
50,N/C(=C(\N)C(F)(F)F)C(F)(F)F
51,BrC(Br)=C(c1ccccc1)c1ccccc1
52,CNC(=O)C(N)=C(N)N
53,CNC(=O)C(C)=C(C)C
54,CNC(=O)C(C(=O)NC)=C(C(C)=O)C(C)=O
55,COC(=O)C(N)=C(C(=O)OC)C(=O)OC
56,COC(=O)C(Cl)=C(Cl)Cl
57,CNC(=O)C(C(=O)NC)=C(C(=O)NC)C(F)(F)F
58,COC(=O)/C(Br)=C(\Br)C(=O)OC
59,CNC(=O)/C=C/C(=O)NC
60,C/C(Cl)=C(/C)Cl
61,COC(=O)/C(N)=C(/N)C(=O)OC
62,Cl/C(=C(\Cl)c1ccccc1)c1ccccc1
63,CC(=O)/C(F)=C(/F)C(C)=O
64,CNC(=O)/C(=C(/C(=O)NC)c1ccccc1)c1ccccc1
65,N#C/C(N)=C(\N)C#N
66,CNC(=O)C(Cl)=C(C(=O)NC)C(=O)NC
67,CNC(=O)/C(C(=O)OC)=C(\C(=O)NC)C(=O)OC
68,CNC(=O)C(C(C)=O)=C(C(C)=O)C(C)=O
69,NC(N)=C(c1ccccc1)c1ccccc1
70,CNC(=O)/C(C(C)=O)=C(\C(C)=O)C(=O)NC
71,C(=C\c1ccccc1)\c1ccccc1
72,NC(N)=C(C(F)(F)F)C(F)(F)F
73,COC(=O)/C(Br)=C(/Br)C(=O)OC
74,C(=C/c1ccccc1)\c1ccccc1
75,CNC(=O)C(Br)=C(Br)Br
76,CC(=O)C(=C(C(F)(F)F)C(F)(F)F)C(F)(F)F
77,CC(=O)C(C)=C(C(C)=O)C(C)=O
78,CC(=O)C(Br)=C(Br)Br
79,COC(=O)C(C)=C(C(=O)OC)C(=O)OC
80,CC(C)=C(C)F
81,C=CC(=O)OC
82,NC(N)=C(Br)Br
83,NC(N)=C(N)c1ccccc1
84,CNC(=O)C(C(=O)NC)=C(C(=O)OC)C(=O)OC
85,CC(C)=C(C)Cl
86,CC(Cl)=C(Cl)Cl
87,C=C(c1ccccc1)c1ccccc1
88,COC(=O)C(C(=O)OC)=C(C)C
89,CNC(=O)C(C)=C(C(=O)NC)C(=O)NC
90,COC(=O)/C(C(C)=O)=C(\C(C)=O)C(=O)OC
91,N/C(F)=C(\N)F
92,COC(=O)C(C(=O)OC)=C(c1ccccc1)c1ccccc1
93,CC(=O)C(N)=C(C(C)=O)C(C)=O
94,C/C(C#N)=C(\C)C#N
95,CC(C)=C(F)F
96,N/C(Cl)=C(\N)Cl
97,FC(=C(c1ccccc1)c1ccccc1)c1ccccc1
98,CC(=C(c1ccccc1)c1ccccc1)c1ccccc1
99,CNC(=O)C(Cl)=C(Cl)Cl
100,COC(=O)C(Br)=C(Br)Br
101,FC(F)(F)/C(=C(\c1ccccc1)C(F)(F)F)c1ccccc1
102,NC(N)=C(F)F
103,C/C(=C(\C)C(F)(F)F)C(F)(F)F
104,CNC(=O)/C(C(=O)OC)=C(/C(=O)NC)C(=O)OC
105,CNC(=O)C(C#N)=C(C(=O)NC)C(=O)NC
106,CNC(=O)C(C(=O)OC)=C(C(=O)OC)C(=O)OC
107,CC(=O)/C=C/C(C)=O
108,CC(=O)C(C(C)=O)=C(C(C)=O)c1ccccc1
109,CNC(=O)C(C(=O)NC)=C(N)N
110,COC(=O)/C(C(C)=O)=C(/C(C)=O)C(=O)OC
111,CC(C)=C(C#N)C#N
112,C/C(N)=C(/C)N
113,N/C=C\N
114,CC(C)=C(C)C(F)(F)F
115,COC(=O)C(C(=O)OC)=C(F)F
116,COC(=O)C(F)=C(F)F
117,NC(N)=C(N)Cl
118,COC(=O)/C=C\C(=O)OC
119,NC(=C(c1ccccc1)c1ccccc1)c1ccccc1
120,Br/C(=C(/Br)c1ccccc1)c1ccccc1
121,N/C(Cl)=C(/N)Cl
122,COC(=O)C(C(=O)OC)=C(Cl)Cl
123,CC(=O)/C(Cl)=C(\Cl)C(C)=O
124,C/C(Cl)=C(\C)Cl
125,CC(=O)C(Br)=C(C(C)=O)C(C)=O
126,COC(=O)C(F)=C(C(=O)OC)C(=O)OC
127,CNC(=O)C(F)=C(F)F
128,CNC(=O)/C(Cl)=C(/Cl)C(=O)NC
129,CC(C)=C(C(F)(F)F)C(F)(F)F
130,BrC(Br)=C(Br)c1ccccc1
131,CC(=O)C(N)=C(N)N
132,CNC(=O)/C(C(C)=O)=C(/C(C)=O)C(=O)NC
133,CC(=O)/C(=C(\C(C)=O)c1ccccc1)c1ccccc1
134,CNC(=O)/C(C)=C(\C)C(=O)NC
135,C=CN
136,CC(F)=C(F)F
137,CC(=O)/C(N)=C(/N)C(C)=O
138,CC(=O)C(C(C)=O)=C(c1ccccc1)c1ccccc1
139,NC(Cl)=C(Cl)Cl
140,FC(F)=C(c1ccccc1)c1ccccc1
141,CNC(=O)/C(Br)=C(/Br)C(=O)NC
142,N#CC(N)=C(C#N)C#N
143,CC(=O)C(C(C)=O)=C(C(C)=O)C(F)(F)F
144,CC(C)=C(C)Br
145,CNC(=O)C(C(=O)NC)=C(Br)Br
146,CC(=O)C(=C(c1ccccc1)c1ccccc1)c1ccccc1
147,CC(=O)/C(N)=C(\N)C(C)=O
148,C/C(C#N)=C(/C)C#N
149,COC(=O)/C(=C(/C(=O)OC)c1ccccc1)c1ccccc1
150,C/C(F)=C(\C)F
151,COC(=O)C(Cl)=C(C(=O)OC)C(=O)OC
152,CNC(=O)C(C(=O)NC)=C(C(=O)NC)c1ccccc1
153,F/C(=C(\F)c1ccccc1)c1ccccc1
154,NC(F)=C(F)F
155,COC(=O)C(C#N)=C(C#N)C#N
156,COC(=O)C(=C(c1ccccc1)c1ccccc1)c1ccccc1
157,COC(=O)/C(Cl)=C(/Cl)C(=O)OC
158,CNC(=O)/C(C#N)=C(\C#N)C(=O)NC
159,N#CC(N)=C(N)N
160,CC(=O)C(C(C)=O)=C(Br)Br
161,COC(=O)C(C(=O)OC)=C(N)N
162,C/C=C\C
163,COC(=O)C=C(C(=O)OC)C(=O)OC
164,F/C(=C(/F)c1ccccc1)c1ccccc1
165,CC(=C(C(F)(F)F)C(F)(F)F)C(F)(F)F
166,CC=C(C)C
167,CC(=O)/C(C)=C(\C)C(C)=O
168,CC(=O)C(C(C)=O)=C(F)F
169,CNC(=O)C(C(=O)NC)=C(C(=O)NC)C(=O)OC
170,C/C(Br)=C(\C)Br
171,COC(=O)C(C(=O)OC)=C(C(=O)OC)C(F)(F)F
172,CC(=O)/C(C#N)=C(/C#N)C(C)=O
173,CNC(=O)C(C(=O)NC)=C(Cl)Cl
174,N/C(Br)=C(/N)Br
175,BrC(=C(c1ccccc1)c1ccccc1)c1ccccc1
176,COC(=O)C(C#N)=C(C(=O)OC)C(=O)OC
177,N#CC(C#N)=C(N)N
178,CC(=O)C(Cl)=C(C(C)=O)C(C)=O
179,CNC(=O)/C(=C(\C(=O)NC)c1ccccc1)c1ccccc1
180,N/C(=C(\N)c1ccccc1)c1ccccc1
181,CNC(=O)/C(Cl)=C(\Cl)C(=O)NC
182,COC(=O)C(C(=O)OC)=C(Br)Br
183,COC(=O)C(Br)=C(C(=O)OC)C(=O)OC
184,COC(=O)/C(F)=C(\F)C(=O)OC
185,CC(=O)/C(F)=C(\F)C(C)=O
186,NC(N)=C(Cl)Cl
187,CC(=O)C(C(C)=O)=C(C(F)(F)F)C(F)(F)F
188,C=C(C(C)=O)C(C)=O
189,FC(F)(F)C(=C(c1ccccc1)c1ccccc1)c1ccccc1
190,C/C(F)=C(/C)F
191,NC=C(N)N
192,CNC(=O)/C(=C(\C(=O)NC)C(F)(F)F)C(F)(F)F
193,NC(=C(C(F)(F)F)C(F)(F)F)C(F)(F)F
194,COC(=O)/C(=C(\C(=O)OC)C(F)(F)F)C(F)(F)F
195,CC(=O)/C(C#N)=C(\C#N)C(C)=O
196,NC(N)=C(N)F
197,C/C(=C(\C)c1ccccc1)c1ccccc1
198,COC(=O)C(C(=O)OC)=C(C(F)(F)F)C(F)(F)F
199,CC(=O)C(C(C)=O)=C(C#N)C#N
200,CNC(=O)/C(Br)=C(\Br)C(=O)NC
201,N#C/C(N)=C(/N)C#N
202,N#CC(C#N)=C(C#N)c1ccccc1
203,CC(=O)/C(Br)=C(\Br)C(C)=O
204,N/C(Br)=C(\N)Br
205,CNC(=O)/C(C#N)=C(/C#N)C(=O)NC
206,CC(C#N)=C(C#N)C#N
207,N/C(=C(/N)c1ccccc1)c1ccccc1
208,CNC(=O)/C=C\C(=O)NC
209,CNC(=O)C(C(=O)NC)=C(C)C
210,C=C(C)C
211,COC(=O)C(C(=O)OC)=C(C#N)C#N
212,CC(C)=C(C)C#N
213,CC(C)=C(Cl)Cl
214,CC(=O)/C(=C(/C(C)=O)c1ccccc1)c1ccccc1
215,CNC(=O)C=C(C(=O)NC)C(=O)NC
216,CC(=O)C(C(C)=O)=C(C)C
217,NC(Br)=C(Br)Br
218,CNC(=O)/C(=C(/C(=O)NC)C(F)(F)F)C(F)(F)F
219,FC(F)(F)/C(=C(/c1ccccc1)C(F)(F)F)c1ccccc1
220,CC(=O)C(C)=C(C)C
221,C=C(C(=O)NC)C(=O)NC
222,COC(=O)C(N)=C(N)N
223,C/C(=C(/C)c1ccccc1)c1ccccc1
224,CC(Br)=C(Br)Br
225,ClC(Cl)=C(Cl)c1ccccc1
226,CC(=O)C(C#N)=C(C#N)C#N
227,FC(F)(F)C(=C(c1ccccc1)c1ccccc1)C(F)(F)F
228,COC(=O)C(C(C)=O)=C(C(C)=O)C(C)=O
229,CNC(=O)C(C(=O)NC)=C(C#N)C#N
230,N#C/C(=C(/C#N)c1ccccc1)c1ccccc1
231,C=C(N)N
232,Br/C(=C(\Br)c1ccccc1)c1ccccc1
233,NC(N)=C(N)Br
234,COC(=O)/C(Cl)=C(\Cl)C(=O)OC
235,N/C(=C(/N)C(F)(F)F)C(F)(F)F
236,COC(=O)/C(N)=C(\N)C(=O)OC
237,COC(=O)C(=C(C(F)(F)F)C(F)(F)F)C(F)(F)F
238,N#CC(C#N)=C(c1ccccc1)c1ccccc1
239,CC(=O)C=C(C(C)=O)C(C)=O
240,CC(=O)C(C(C)=O)=C(Cl)Cl
241,CC(=O)/C(=C(/C(C)=O)C(F)(F)F)C(F)(F)F
242,ClC(=C(c1ccccc1)c1ccccc1)c1ccccc1
243,CC(=O)/C(=C(\C(C)=O)C(F)(F)F)C(F)(F)F
244,COC(=O)/C(=C(\C(=O)OC)c1ccccc1)c1ccccc1
245,CC(=O)C(C(C)=O)=C(N)N
246,CNC(=O)C(N)=C(C(=O)NC)C(=O)NC
247,C=CC(=O)NC
248,COC(=O)/C=C/C(=O)OC
249,CNC(=O)C(C(=O)NC)=C(c1ccccc1)c1ccccc1
250,COC(=O)/C(C#N)=C(/C#N)C(=O)OC
251,CNC(=O)/C(F)=C(\F)C(=O)NC
252,CC(C)=C(C)c1ccccc1
253,COC(=O)/C(C#N)=C(\C#N)C(=O)OC
254,CNC(=O)C(C(C)=O)=C(C(=O)NC)C(=O)NC
0,CC(=O)C#CC(C)=O
1,NC#CCl
2,CC#CBr
3,NC#Cc1ccccc1
4,CC#CCl
5,COC(=O)C#CCl
6,N#CC#CN
7,CC#CC(C)=O
8,NC#CBr
9,CC(=O)C#CC(F)(F)F
10,N#CC#Cc1ccccc1
11,CNC(=O)C#Cc1ccccc1
12,CNC(=O)C#CBr
13,CC(=O)C#CN
14,FC(F)(F)C#Cc1ccccc1
15,CC(=O)C#CCl
16,COC(=O)C#CBr
17,CC#CN
18,CNC(=O)C#CC(C)=O
19,COC(=O)C#CC(=O)OC
20,C#CC(C)=O
21,CNC(=O)C#CN
22,NC#CC(F)(F)F
23,CC(=O)C#Cc1ccccc1
24,C#CC(=O)OC
25,CC#CC(F)(F)F
26,NC#CN
27,CC#CC(=O)NC
28,CC(=O)C#CC#N
29,C#CC(=O)NC
30,CC#Cc1ccccc1
31,CNC(=O)C#CCl
32,ClC#Cc1ccccc1
33,CC(=O)C#CBr
34,COC(=O)C#Cc1ccccc1
35,FC#Cc1ccccc1
36,C#CN
37,CNC(=O)C#CC(=O)OC
38,CC#CC
39,CC#CC#N
40,C(#Cc1ccccc1)c1ccccc1
41,COC(=O)C#CN
42,CC#CC(=O)OC
43,BrC#Cc1ccccc1
44,COC(=O)C#CF
45,CNC(=O)C#CC#N
46,NC#CF
47,C#Cc1ccccc1
48,CNC(=O)C#CC(F)(F)F
49,COC(=O)C#CC(C)=O
50,CC#CF
51,CC(=O)C#CF
52,CNC(=O)C#CC(=O)NC
53,COC(=O)C#CC(F)(F)F
54,C#CC
55,COC(=O)C#CC#N
56,CNC(=O)C#CF
0,N#CC1=C(C#N)C2CCC1C2
1,BrC1=CC2CCC1C2
2,CNC(=O)C1=C(C(=O)OC)C2CCC1C2
3,FC1=C(C(F)(F)F)C2CCC1C2
4,NC1=C(N)C2CCC1C2
5,CC1=C(F)C2CCC1C2
6,FC1=C(F)C2CCC1C2
7,CC1=C(N)C2CCC1C2
8,CNC(=O)C1=C(C)C2CCC1C2
9,BrC1=C(Br)C2CCC1C2
10,ClC1=C(Br)C2CCC1C2
11,N#CC1=C(Cl)C2CCC1C2
12,CC(=O)C1=CC2CCC1C2
13,CC1=C(Br)C2CCC1C2
14,CNC(=O)C1=C(c2ccccc2)C2CCC1C2
15,NC1=C(C(F)(F)F)C2CCC1C2
16,CNC(=O)C1=C(N)C2CCC1C2
17,BrC1=C(c2ccccc2)C2CCC1C2
18,CNC(=O)C1=C(C(=O)NC)C2CCC1C2
19,N#CC1=CC2CCC1C2
20,ClC1=C(Cl)C2CCC1C2
21,CC(=O)C1=C(C(F)(F)F)C2CCC1C2
22,CC1=C(C#N)C2CCC1C2
23,COC(=O)C1=C(C)C2CCC1C2
24,N#CC1=C(Br)C2CCC1C2
25,NC1=C(Br)C2CCC1C2
26,CNC(=O)C1=C(F)C2CCC1C2
27,CC1=C(C(F)(F)F)C2CCC1C2
28,N#CC1=C(c2ccccc2)C2CCC1C2
29,CNC(=O)C1=C(C(C)=O)C2CCC1C2
30,c1ccc(C2=C(c3ccccc3)C3CCC2C3)cc1
31,C1=C(c2ccccc2)C2CCC1C2
32,C1=CC2CCC1C2
33,CC(=O)C1=C(C#N)C2CCC1C2
34,FC(F)(F)C1=CC2CCC1C2
35,CC1=CC2CCC1C2
36,CC(=O)C1=C(F)C2CCC1C2
37,COC(=O)C1=C(Cl)C2CCC1C2
38,COC(=O)C1=C(C#N)C2CCC1C2
39,COC(=O)C1=C(N)C2CCC1C2
40,COC(=O)C1=CC2CCC1C2
41,NC1=C(c2ccccc2)C2CCC1C2
42,NC1=CC2CCC1C2
43,CNC(=O)C1=C(C#N)C2CCC1C2
44,CC(=O)C1=C(Br)C2CCC1C2
45,FC1=C(Br)C2CCC1C2
46,CC1=C(Cl)C2CCC1C2
47,N#CC1=C(F)C2CCC1C2
48,ClC1=C(c2ccccc2)C2CCC1C2
49,COC(=O)C1=C(c2ccccc2)C2CCC1C2
50,COC(=O)C1=C(C(F)(F)F)C2CCC1C2
51,CNC(=O)C1=C(C(F)(F)F)C2CCC1C2
52,CC(=O)C1=C(C)C2CCC1C2
53,CNC(=O)C1=C(Br)C2CCC1C2
54,NC1=C(F)C2CCC1C2
55,N#CC1=C(N)C2CCC1C2
56,CC(=O)C1=C(C(C)=O)C2CCC1C2
57,CC(=O)C1=C(N)C2CCC1C2
58,CNC(=O)C1=CC2CCC1C2
59,NC1=C(Cl)C2CCC1C2
60,ClC1=CC2CCC1C2
61,CC(=O)C1=C(c2ccccc2)C2CCC1C2
62,FC(F)(F)C1=C(c2ccccc2)C2CCC1C2
63,FC1=C(c2ccccc2)C2CCC1C2
64,CNC(=O)C1=C(Cl)C2CCC1C2
65,COC(=O)C1=C(F)C2CCC1C2
66,CC(=O)C1=C(Cl)C2CCC1C2
67,FC1=C(Cl)C2CCC1C2
68,FC(F)(F)C1=C(Br)C2CCC1C2
69,N#CC1=C(C(F)(F)F)C2CCC1C2
70,FC(F)(F)C1=C(C(F)(F)F)C2CCC1C2
71,COC(=O)C1=C(C(C)=O)C2CCC1C2
72,COC(=O)C1=C(Br)C2CCC1C2
73,CC1=C(c2ccccc2)C2CCC1C2
74,FC(F)(F)C1=C(Cl)C2CCC1C2
75,COC(=O)C1=C(C(=O)OC)C2CCC1C2
76,CC1=C(C)C2CCC1C2
77,FC1=CC2CCC1C2
0,FC(F)(F)C1=C(Br)C2C=CC1O2
1,CNC(=O)C1=C(N)C2C=CC1O2
2,N#CC1=C(Br)C2C=CC1O2
3,FC(F)(F)C1=CC2C=CC1O2
4,COC(=O)C1=C(Br)C2C=CC1O2
5,CC1=C(Br)C2C=CC1O2
6,FC1=C(c2ccccc2)C2C=CC1O2
7,ClC1=C(Cl)C2C=CC1O2
8,ClC1=C(c2ccccc2)C2C=CC1O2
9,FC(F)(F)C1=C(c2ccccc2)C2C=CC1O2
10,CNC(=O)C1=C(C#N)C2C=CC1O2
11,COC(=O)C1=C(Cl)C2C=CC1O2
12,CC(=O)C1=C(C)C2C=CC1O2
13,FC1=C(Cl)C2C=CC1O2
14,COC(=O)C1=C(N)C2C=CC1O2
15,BrC1=CC2C=CC1O2
16,ClC1=C(Br)C2C=CC1O2
17,CC(=O)C1=CC2C=CC1O2
18,COC(=O)C1=C(C(=O)OC)C2C=CC1O2
19,CC(=O)C1=C(Br)C2C=CC1O2
20,COC(=O)C1=C(c2ccccc2)C2C=CC1O2
21,NC1=C(C(F)(F)F)C2C=CC1O2
22,CC(=O)C1=C(F)C2C=CC1O2
23,N#CC1=CC2C=CC1O2
24,N#CC1=C(F)C2C=CC1O2
25,CC1=C(C)C2C=CC1O2
26,CC(=O)C1=C(C(F)(F)F)C2C=CC1O2
27,N#CC1=C(Cl)C2C=CC1O2
28,N#CC1=C(C(F)(F)F)C2C=CC1O2
29,CC(=O)C1=C(c2ccccc2)C2C=CC1O2
30,COC(=O)C1=C(C(F)(F)F)C2C=CC1O2
31,CC1=C(N)C2C=CC1O2
32,CC(=O)C1=C(C(C)=O)C2C=CC1O2
33,CNC(=O)C1=C(C(C)=O)C2C=CC1O2
34,N#CC1=C(N)C2C=CC1O2
35,CC(=O)C1=C(Cl)C2C=CC1O2
36,FC(F)(F)C1=C(Cl)C2C=CC1O2
37,CNC(=O)C1=C(C)C2C=CC1O2
38,N#CC1=C(c2ccccc2)C2C=CC1O2
39,NC1=CC2C=CC1O2
40,CC1=C(C(F)(F)F)C2C=CC1O2
41,NC1=C(N)C2C=CC1O2
42,CNC(=O)C1=C(C(=O)OC)C2C=CC1O2
43,CNC(=O)C1=CC2C=CC1O2
44,CNC(=O)C1=C(Cl)C2C=CC1O2
45,CNC(=O)C1=C(F)C2C=CC1O2
46,CC1=C(c2ccccc2)C2C=CC1O2
47,COC(=O)C1=C(C(C)=O)C2C=CC1O2
48,BrC1=C(c2ccccc2)C2C=CC1O2
49,CC(=O)C1=C(C#N)C2C=CC1O2
50,C1=CC2OC1C(c1ccccc1)=C2c1ccccc1
51,NC1=C(c2ccccc2)C2C=CC1O2
52,FC1=CC2C=CC1O2
53,CC1=C(Cl)C2C=CC1O2
54,C1=CC2OC1C=C2c1ccccc1
55,ClC1=CC2C=CC1O2
56,COC(=O)C1=C(C)C2C=CC1O2
57,FC(F)(F)C1=C(C(F)(F)F)C2C=CC1O2
58,CC1=C(C#N)C2C=CC1O2
59,CC1=C(F)C2C=CC1O2
60,C1=CC2C=CC1O2
61,CNC(=O)C1=C(C(F)(F)F)C2C=CC1O2
62,CC(=O)C1=C(N)C2C=CC1O2
63,FC1=C(F)C2C=CC1O2
64,CNC(=O)C1=C(c2ccccc2)C2C=CC1O2
65,COC(=O)C1=C(F)C2C=CC1O2
66,FC1=C(C(F)(F)F)C2C=CC1O2
67,CC1=CC2C=CC1O2
68,BrC1=C(Br)C2C=CC1O2
69,CNC(=O)C1=C(Br)C2C=CC1O2
70,NC1=C(Br)C2C=CC1O2
71,NC1=C(Cl)C2C=CC1O2
72,CNC(=O)C1=C(C(=O)NC)C2C=CC1O2
73,COC(=O)C1=C(C#N)C2C=CC1O2
74,FC1=C(Br)C2C=CC1O2
75,N#CC1=C(C#N)C2C=CC1O2
76,NC1=C(F)C2C=CC1O2
77,COC(=O)C1=CC2C=CC1O2
0,CC(=O)C1(C(C)=O)C#CC(C)(N)CCCC1
1,NC1C#CC(C(F)(F)F)(C(F)(F)F)CCCC1
2,COC(=O)C1(C(C)=O)C#CC(Br)(Br)CCCC1
3,N#CC1(C#N)C#CC(C#N)(C#N)CCCC1
4,BrC1(Br)C#CC(c2ccccc2)(c2ccccc2)CCCC1
5,FC1(c2ccccc2)C#CC(Cl)(Cl)CCCC1
6,COC(=O)C1(C)C#CC(Cl)(Cl)CCCC1
7,ClC1(c2ccccc2)C#CCCCCC1
8,CC1(C)C#CC(c2ccccc2)(C(F)(F)F)CCCC1
9,COC(=O)C1(C(=O)OC)C#CC(Br)(c2ccccc2)CCCC1
10,CNC(=O)C1(Cl)C#CC(C(C)=O)(C(C)=O)CCCC1
11,N#CC1(C(F)(F)F)C#CC(N)(N)CCCC1
12,NC1(Br)C#CC(c2ccccc2)(c2ccccc2)CCCC1
13,CC(=O)C1(C(C)=O)C#CC(C)(Cl)CCCC1
14,FC1(c2ccccc2)C#CCCCCC1
15,COC(=O)C1(c2ccccc2)C#CC(C#N)(C#N)CCCC1
16,COC(=O)C1(N)C#CC(C(F)(F)F)(C(F)(F)F)CCCC1
17,N#CC1C#CC(F)(F)CCCC1
18,CC(=O)C1(C)C#CC(Cl)(Cl)CCCC1
19,CC1(F)C#CC(N)(N)CCCC1
20,CC1(C#N)C#CC(Cl)(Cl)CCCC1
21,CNC(=O)C1(C(=O)NC)C#CC(C)(F)CCCC1
22,CNC(=O)C1(C(=O)NC)C#CC(Cl)CCCC1
23,CNC(=O)C1(F)C#CC(C(F)(F)F)(C(F)(F)F)CCCC1
24,CNC(=O)C1(C)C#CC(N)(N)CCCC1
25,CNC(=O)C1(C(=O)NC)C#CC(c2ccccc2)CCCC1
26,CNC(=O)C1(Cl)C#CC(F)(F)CCCC1
27,COC(=O)C1(F)C#CC(Cl)(Cl)CCCC1
28,COC(=O)C1(C(=O)OC)C#CCCCCC1
29,CNC(=O)C1(C(=O)NC)C#CC(C)(C(F)(F)F)CCCC1
30,ClC1C#CC(c2ccccc2)(c2ccccc2)CCCC1
31,CC(=O)C1(C(C)=O)C#CC(C)(C#N)CCCC1
32,CC1(C)C#CC(Br)CCCC1
33,CNC(=O)C1(C(=O)OC)C#CC(C(F)(F)F)(C(F)(F)F)CCCC1
34,N#CC1(C#N)C#CC(C(F)(F)F)CCCC1
35,CC(=O)C1(C)C#CC(C#N)(C#N)CCCC1
36,NC1(c2ccccc2)C#CC(C(F)(F)F)(C(F)(F)F)CCCC1
37,CC(=O)C1(C(C)=O)C#CC(N)(Cl)CCCC1
38,BrC1(Br)C#CC(Br)(Br)CCCC1
39,FC(F)(F)C1(Cl)C#CC(Br)(Br)CCCC1
40,NC1(C(F)(F)F)C#CC(F)(F)CCCC1
41,CC(=O)C1(C)C#CC(F)(F)CCCC1
42,CC(=O)C1(C(C)=O)C#CC(Cl)(c2ccccc2)CCCC1
43,CC(=O)C1C#CC(Cl)(Cl)CCCC1
44,CC(=O)C1(C(C)=O)C#CC(C(C)=O)(C(F)(F)F)CCCC1
45,CNC(=O)C1(C(=O)NC)C#CC(N)CCCC1
46,CC(=O)C1(C(C)=O)C#CC(Br)(c2ccccc2)CCCC1
47,CC(=O)C1(c2ccccc2)C#CC(C)(C)CCCC1
48,CC1(Br)C#CC(Br)(Br)CCCC1
49,CNC(=O)C1(C(=O)OC)C#CC(C(C)=O)(C(C)=O)CCCC1
50,CNC(=O)C1(Br)C#CC(c2ccccc2)(c2ccccc2)CCCC1
51,COC(=O)C1(c2ccccc2)C#CC(C)(C)CCCC1
52,FC1(F)C#CC(Br)(c2ccccc2)CCCC1
53,CNC(=O)C1(C(=O)NC)C#CC(Cl)(C(C)=O)CCCC1
54,NC1(C(F)(F)F)C#CC(C(F)(F)F)(C(F)(F)F)CCCC1
55,FC(F)(F)C1C#CCCCCC1
56,N#CC1(Br)C#CC(N)(N)CCCC1
57,CC(=O)C1(Br)C#CCCCCC1
58,CNC(=O)C1(C(=O)NC)C#CC(N)(C(=O)OC)CCCC1
59,FC(F)(F)C1(c2ccccc2)C#CC(c2ccccc2)(c2ccccc2)CCCC1
60,CNC(=O)C1(C)C#CC(F)(F)CCCC1
61,ClC1C#CC(Cl)(Cl)CCCC1
62,CC(=O)C1(F)C#CCCCCC1
63,ClC1(Cl)C#CCCCCC1
64,C1#CC(c2ccccc2)(c2ccccc2)CCCCC1c1ccccc1
65,CC1(N)C#CCCCCC1
66,NC1(N)C#CC(F)(Cl)CCCC1
67,FC1(F)C#CC(c2ccccc2)(C(F)(F)F)CCCC1
68,CC1(C)C#CC(Cl)CCCC1
69,FC(F)(F)C1(Cl)C#CC(C(F)(F)F)(C(F)(F)F)CCCC1
70,COC(=O)C1C#CCCCCC1
71,NC1(c2ccccc2)C#CC(Cl)(Cl)CCCC1
72,NC1(N)C#CC(Br)(Br)CCCC1
73,CC(=O)C1(C(C)=O)C#CC(C#N)(C(F)(F)F)CCCC1
74,CNC(=O)C1(C(=O)NC)C#CC(C#N)(C(=O)OC)CCCC1
75,CC(=O)C1(F)C#CC(C#N)(C#N)CCCC1
76,CC1(C)C#CC(C(F)(F)F)(C(F)(F)F)CCCC1
77,CC1C#CCCCCC1
78,FC1(c2ccccc2)C#CC(c2ccccc2)(c2ccccc2)CCCC1
79,CC1(C#N)C#CCCCCC1
80,N#CC1(Cl)C#CC(c2ccccc2)(c2ccccc2)CCCC1
81,CC1C#CC(N)(N)CCCC1
82,FC(F)(F)C1(F)C#CC(Cl)(Cl)CCCC1
83,CC1(Br)C#CCCCCC1
84,COC(=O)C1(C)C#CC(Br)(Br)CCCC1
85,CC(=O)C1(C(C)=O)C#CC(F)CCCC1
86,FC(F)(F)C1(C(F)(F)F)C#CC(Br)(Br)CCCC1
87,CNC(=O)C1(C(=O)NC)C#CC(N)(Br)CCCC1
88,CNC(=O)C1(c2ccccc2)C#CC(C(F)(F)F)(C(F)(F)F)CCCC1
89,CNC(=O)C1(C(C)=O)C#CC(C(F)(F)F)(C(F)(F)F)CCCC1
90,FC1(F)C#CC(Br)CCCC1
91,COC(=O)C1(F)C#CC(N)(N)CCCC1
92,CNC(=O)C1(N)C#CC(C#N)(C#N)CCCC1
93,CC1(C(F)(F)F)C#CC(Cl)(Cl)CCCC1
94,CC(=O)C1C#CCCCCC1
95,CC(=O)C1(C(C)=O)C#CC(Cl)(C#N)CCCC1
96,CC(=O)C1(C(C)=O)C#CC(F)(Br)CCCC1
97,COC(=O)C1(C(=O)OC)C#CC(N)CCCC1
98,CC1(C)C#CC(N)(C(F)(F)F)CCCC1
99,COC(=O)C1(C)C#CC(F)(F)CCCC1
100,CNC(=O)C1(N)C#CC(Cl)(Cl)CCCC1
101,CC(=O)C1(C(C)=O)C#CC(N)CCCC1
102,FC1(F)C#CC(Cl)(Br)CCCC1
103,COC(=O)C1(C(=O)OC)C#CC(N)(C(C)=O)CCCC1
104,FC1(F)C#CC(Cl)(C(F)(F)F)CCCC1
105,CC(=O)C1(C(C)=O)C#CC(F)(F)CCCC1
106,CC(=O)C1(F)C#CC(C)(C)CCCC1
107,CC1(C)C#CC(Cl)(C#N)CCCC1
108,COC(=O)C1C#CC(C#N)(C#N)CCCC1
109,COC(=O)C1(N)C#CC(Cl)(Cl)CCCC1
110,CNC(=O)C1(C)C#CC(C#N)(C#N)CCCC1
111,N#CC1(N)C#CC(Br)(Br)CCCC1
112,CC1(C#N)C#CC(F)(F)CCCC1
113,ClC1(Cl)C#CC(c2ccccc2)CCCC1
114,CNC(=O)C1(C(=O)NC)C#CC(Cl)(c2ccccc2)CCCC1
115,CC1(F)C#CC(F)(F)CCCC1
116,COC(=O)C1(F)C#CC(c2ccccc2)(c2ccccc2)CCCC1
117,CC(=O)C1(C(F)(F)F)C#CC(C)(C)CCCC1
118,CC(=O)C1(C#N)C#CC(C#N)(C#N)CCCC1
119,COC(=O)C1(C(=O)OC)C#CC(C(C)=O)(C(F)(F)F)CCCC1
120,CNC(=O)C1(C(=O)NC)C#CC(C(=O)NC)(c2ccccc2)CCCC1
121,FC1(Br)C#CCCCCC1
122,CNC(=O)C1(C(=O)OC)C#CC(C#N)(C#N)CCCC1
123,N#CC1(Br)C#CC(c2ccccc2)(c2ccccc2)CCCC1
124,CC(=O)C1(C(C)=O)C#CC(Br)(C(F)(F)F)CCCC1
125,CNC(=O)C1(C(=O)NC)C#CC(Cl)(C(=O)OC)CCCC1
126,CC(=O)C1(F)C#CC(C(F)(F)F)(C(F)(F)F)CCCC1
127,N#CC1(c2ccccc2)C#CC(Br)(Br)CCCC1
128,CC(=O)C1(C(C)=O)C#CC(Br)(C#N)CCCC1
129,NC1(N)C#CC(Cl)CCCC1
130,CNC(=O)C1(C(=O)NC)C#CC(C)(C(=O)OC)CCCC1
131,COC(=O)C1(C(=O)OC)C#CC(F)(Br)CCCC1
132,NC1(N)C#CC(Cl)(Cl)CCCC1
133,NC1(N)C#CC(N)(C(F)(F)F)CCCC1
134,CNC(=O)C1(C(=O)NC)C#CC(N)(F)CCCC1
135,COC(=O)C1(C(=O)OC)C#CC(Cl)(Cl)CCCC1
136,FC(F)(F)C1(c2ccccc2)C#CC(Br)(Br)CCCC1
137,CC(=O)C1(Br)C#CC(N)(N)CCCC1
138,CC(=O)C1(Cl)C#CCCCCC1
139,COC(=O)C1(Br)C#CC(C(C)=O)(C(C)=O)CCCC1
140,CC(=O)C1(C(C)=O)C#CC(C)(C(F)(F)F)CCCC1
141,N#CC1(Cl)C#CC(C(F)(F)F)(C(F)(F)F)CCCC1
142,N#CC1C#CC(Cl)(Cl)CCCC1
143,CNC(=O)C1(C(=O)NC)C#CC(F)(F)CCCC1
144,N#CC1(C#N)C#CC(C#N)(C(F)(F)F)CCCC1
145,CC1(C)C#CC(Br)(Br)CCCC1
146,CNC(=O)C1(C(=O)OC)C#CC(N)(N)CCCC1
147,NC1(F)C#CC(Cl)(Cl)CCCC1
148,COC(=O)C1(C(=O)OC)C#CC(F)(c2ccccc2)CCCC1
149,CC(=O)C1(C)C#CCCCCC1
150,CNC(=O)C1C#CC(Br)(Br)CCCC1
151,CNC(=O)C1(C(=O)OC)C#CC(c2ccccc2)(c2ccccc2)CCCC1
152,N#CC1(c2ccccc2)C#CC(C(F)(F)F)(C(F)(F)F)CCCC1
153,CNC(=O)C1(C(=O)NC)C#CC(C(C)=O)CCCC1
154,CNC(=O)C1(C(C)=O)C#CC(C(=O)NC)(C(=O)NC)CCCC1
155,BrC1(Br)C#CC(c2ccccc2)CCCC1
156,CC(=O)C1(N)C#CC(C(C)=O)(C(C)=O)CCCC1
157,CNC(=O)C1(Cl)C#CC(C(=O)NC)(C(=O)NC)CCCC1
158,CNC(=O)C1(c2ccccc2)C#CCCCCC1
159,FC(F)(F)C1(Cl)C#CC(c2ccccc2)(c2ccccc2)CCCC1
160,NC1(N)C#CC(N)(N)CCCC1
161,CNC(=O)C1(F)C#CCCCCC1
162,CC(=O)C1(C(C)=O)C#CC(C(F)(F)F)CCCC1
163,CNC(=O)C1(C(=O)NC)C#CC(F)CCCC1
164,FC1(F)C#CC(F)(c2ccccc2)CCCC1
165,COC(=O)C1(C)C#CC(N)(N)CCCC1
166,CC(=O)C1(C)C#CC(C(F)(F)F)(C(F)(F)F)CCCC1
167,COC(=O)C1(N)C#CC(C)(C)CCCC1
168,CC1(C)C#CC(Br)(C(F)(F)F)CCCC1
169,CNC(=O)C1(C(=O)NC)C#CC(F)(C(C)=O)CCCC1
170,CC(=O)C1(N)C#CC(c2ccccc2)(c2ccccc2)CCCC1
171,NC1(C(F)(F)F)C#CCCCCC1
172,CC(=O)C1(F)C#CC(F)(F)CCCC1
173,CNC(=O)C1(F)C#CC(N)(N)CCCC1
174,CNC(=O)C1(C(=O)NC)C#CC(c2ccccc2)(C(F)(F)F)CCCC1
175,CC1(C)C#CC(Br)(c2ccccc2)CCCC1
176,CNC(=O)C1(Br)C#CC(C(=O)NC)(C(=O)NC)CCCC1
177,FC(F)(F)C1(c2ccccc2)C#CC(Cl)(Cl)CCCC1
178,CNC(=O)C1(C(=O)NC)C#CC(C(C)=O)(C(=O)OC)CCCC1
179,CC(=O)C1C#CC(N)(N)CCCC1
180,CNC(=O)C1(Br)C#CC(Cl)(Cl)CCCC1
181,NC1C#CC(N)(N)CCCC1
182,COC(=O)C1(C(=O)OC)C#CC(c2ccccc2)(c2ccccc2)CCCC1
183,CC1(Cl)C#CC(C(F)(F)F)(C(F)(F)F)CCCC1
184,CC(=O)C1(C(C)=O)C#CC(N)(c2ccccc2)CCCC1
185,CNC(=O)C1(c2ccccc2)C#CC(F)(F)CCCC1
186,CC(=O)C1(Cl)C#CC(F)(F)CCCC1
187,N#CC1(C#N)C#CC(N)(Cl)CCCC1
188,FC(F)(F)C1(c2ccccc2)C#CCCCCC1
189,CNC(=O)C1(N)C#CC(c2ccccc2)(c2ccccc2)CCCC1
190,CNC(=O)C1(N)C#CC(Br)(Br)CCCC1
191,COC(=O)C1(C(C)=O)C#CC(C#N)(C#N)CCCC1
192,CC(=O)C1(C(C)=O)C#CC(N)(F)CCCC1
193,COC(=O)C1C#CC(F)(F)CCCC1
194,CC1C#CC(F)(F)CCCC1
195,CNC(=O)C1(Cl)C#CC(c2ccccc2)(c2ccccc2)CCCC1
196,NC1(F)C#CC(c2ccccc2)(c2ccccc2)CCCC1
197,COC(=O)C1(C#N)C#CC(F)(F)CCCC1
198,CC1(C)C#CC(Cl)(C(F)(F)F)CCCC1
199,COC(=O)C1(C#N)C#CC(C(C)=O)(C(C)=O)CCCC1
200,CNC(=O)C1(Br)C#CC(C(F)(F)F)(C(F)(F)F)CCCC1
201,CNC(=O)C1(N)C#CC(C(=O)NC)(C(=O)NC)CCCC1
202,CC1(C(F)(F)F)C#CC(C#N)(C#N)CCCC1
203,CC(=O)C1(Br)C#CC(C(C)=O)(C(C)=O)CCCC1
204,FC(F)(F)C1(Cl)C#CC(Cl)(Cl)CCCC1
205,COC(=O)C1(F)C#CC(C)(C)CCCC1
206,CC(=O)C1(C)C#CC(C(C)=O)(C(C)=O)CCCC1
207,CNC(=O)C1(C#N)C#CC(N)(N)CCCC1
208,N#CC1(F)C#CC(N)(N)CCCC1
209,CNC(=O)C1(C#N)C#CC(c2ccccc2)(c2ccccc2)CCCC1
210,CC1(C#N)C#CC(c2ccccc2)(c2ccccc2)CCCC1
211,CNC(=O)C1(C(=O)OC)C#CC(C(=O)OC)(C(=O)OC)CCCC1
212,N#CC1(C#N)C#CC(N)(N)CCCC1
213,CC1(F)C#CC(C(F)(F)F)(C(F)(F)F)CCCC1
214,CC(=O)C1(C(C)=O)C#CC(Cl)(C(F)(F)F)CCCC1
215,COC(=O)C1(c2ccccc2)C#CC(Br)(Br)CCCC1
216,CC1(C#N)C#CC(C(F)(F)F)(C(F)(F)F)CCCC1
217,FC1(Cl)C#CCCCCC1
218,NC1(Cl)C#CC(C(F)(F)F)(C(F)(F)F)CCCC1
219,COC(=O)C1(C#N)C#CCCCCC1
220,NC1(N)C#CC(N)(c2ccccc2)CCCC1
221,COC(=O)C1(Cl)C#CC(Cl)(Cl)CCCC1
222,NC1(c2ccccc2)C#CCCCCC1
223,NC1(Br)C#CCCCCC1
224,CNC(=O)C1C#CCCCCC1
225,FC(F)(F)C1C#CC(Cl)(Cl)CCCC1
226,CC(=O)C1(C#N)C#CC(F)(F)CCCC1
227,NC1(Cl)C#CC(Cl)(Cl)CCCC1
228,N#CC1(Br)C#CC(Br)(Br)CCCC1
229,CNC(=O)C1(C(=O)NC)C#CC(C#N)(C#N)CCCC1
230,CC1(Cl)C#CC(Br)(Br)CCCC1
231,FC1C#CC(F)(F)CCCC1
232,CC1(C)C#CC(N)(N)CCCC1
233,CNC(=O)C1(C(=O)NC)C#CC(N)(N)CCCC1
234,N#CC1(F)C#CCCCCC1
235,CNC(=O)C1(C(=O)NC)C#CC(N)(C(C)=O)CCCC1
236,CC(=O)C1(c2ccccc2)C#CC(C#N)(C#N)CCCC1
237,CNC(=O)C1(C)C#CC(C(F)(F)F)(C(F)(F)F)CCCC1
238,FC(F)(F)C1(Br)C#CC(Cl)(Cl)CCCC1
239,CC(=O)C1(C(C)=O)C#CC(N)(Br)CCCC1
240,N#CC1(N)C#CC(c2ccccc2)(c2ccccc2)CCCC1
241,FC(F)(F)C1(Br)C#CC(c2ccccc2)(c2ccccc2)CCCC1
242,CNC(=O)C1(C(=O)NC)C#CC(F)(C#N)CCCC1
243,CNC(=O)C1(N)C#CC(C(C)=O)(C(C)=O)CCCC1
244,CNC(=O)C1(F)C#CC(Cl)(Cl)CCCC1
245,COC(=O)C1(C(=O)OC)C#CC(C#N)(C#N)CCCC1
246,CNC(=O)C1(Br)C#CC(C#N)(C#N)CCCC1
247,NC1(N)C#CC(N)(Br)CCCC1
248,CC(=O)C1(c2ccccc2)C#CCCCCC1
249,CNC(=O)C1(N)C#CC(C)(C)CCCC1
250,NC1C#CC(Br)(Br)CCCC1
251,NC1(N)C#CC(Cl)(c2ccccc2)CCCC1
252,CNC(=O)C1(Cl)C#CC(Br)(Br)CCCC1
253,CNC(=O)C1(c2ccccc2)C#CC(Cl)(Cl)CCCC1
254,CNC(=O)C1(C(=O)NC)C#CC(Br)(C(=O)OC)CCCC1
255,C1#CC(c2ccccc2)(c2ccccc2)CCCCC1
256,COC(=O)C1(C(=O)OC)C#CC(c2ccccc2)(C(F)(F)F)CCCC1
257,CNC(=O)C1(F)C#CC(C(C)=O)(C(C)=O)CCCC1
258,ClC1(c2ccccc2)C#CC(Br)(Br)CCCC1
259,CNC(=O)C1(C(=O)NC)C#CC(N)(C#N)CCCC1
260,CC(=O)C1(N)C#CC(Cl)(Cl)CCCC1
261,FC1C#CC(Cl)(Cl)CCCC1
262,COC(=O)C1(C#N)C#CC(C(F)(F)F)(C(F)(F)F)CCCC1
263,FC1(F)C#CC(F)(C(F)(F)F)CCCC1
264,CC(=O)C1(C(F)(F)F)C#CC(Br)(Br)CCCC1
265,FC(F)(F)C1C#CC(c2ccccc2)(c2ccccc2)CCCC1
266,COC(=O)C1(Cl)C#CC(C)(C)CCCC1
267,CNC(=O)C1C#CC(C(=O)NC)(C(=O)NC)CCCC1
268,CC1C#CC(Cl)(Cl)CCCC1
269,FC1C#CCCCCC1
270,FC(F)(F)C1C#CC(Br)(Br)CCCC1
271,CNC(=O)C1(C)C#CC(Cl)(Cl)CCCC1
272,NC1(N)C#CC(Cl)(Br)CCCC1
273,CNC(=O)C1(C(F)(F)F)C#CC(N)(N)CCCC1
274,ClC1(Cl)C#CC(Cl)(Br)CCCC1
275,CC(=O)C1(C#N)C#CC(Cl)(Cl)CCCC1
276,N#CC1(N)C#CCCCCC1
277,COC(=O)C1(C(C)=O)C#CC(N)(N)CCCC1
278,N#CC1(F)C#CC(C#N)(C#N)CCCC1
279,CC(=O)C1(C(C)=O)C#CC(C(C)=O)(c2ccccc2)CCCC1
280,N#CC1(C#N)C#CC(Br)CCCC1
281,CC(=O)C1(N)C#CC(N)(N)CCCC1
282,CC(=O)C1(C(C)=O)C#CC(C)CCCC1
283,C1#CC(c2ccccc2)CCCCC1
284,COC(=O)C1(c2ccccc2)C#CC(N)(N)CCCC1
285,NC1(Cl)C#CCCCCC1
286,COC(=O)C1(C(=O)OC)C#CC(N)(F)CCCC1
287,CC(=O)C1(C(F)(F)F)C#CCCCCC1
288,COC(=O)C1(Cl)C#CC(C(F)(F)F)(C(F)(F)F)CCCC1
289,COC(=O)C1(N)C#CC(N)(N)CCCC1
290,BrC1(c2ccccc2)C#CC(c2ccccc2)(c2ccccc2)CCCC1
291,N#CC1(C#N)C#CC(N)(F)CCCC1
292,COC(=O)C1(C#N)C#CC(C)(C)CCCC1
293,CC1(C)C#CC(C)(F)CCCC1
294,N#CC1(C#N)C#CC(Cl)(Br)CCCC1
295,FC1(F)C#CC(Cl)(c2ccccc2)CCCC1
296,N#CC1(C(F)(F)F)C#CC(F)(F)CCCC1
297,COC(=O)C1(Br)C#CC(Cl)(Cl)CCCC1
298,CNC(=O)C1(Br)C#CC(C(C)=O)(C(C)=O)CCCC1
299,CC1(F)C#CCCCCC1
300,CC1(C)C#CC(F)(C#N)CCCC1
301,N#CC1(C#N)C#CC(N)CCCC1
302,CC1(C)C#CC(Cl)(Br)CCCC1
303,CNC(=O)C1(C(=O)OC)C#CC(C)(C)CCCC1
304,COC(=O)C1(C(C)=O)C#CC(C(=O)OC)(C(=O)OC)CCCC1
305,CNC(=O)C1(C(=O)NC)C#CC(C(=O)OC)(C(F)(F)F)CCCC1
306,COC(=O)C1(C(=O)OC)C#CC(F)(C#N)CCCC1
307,CNC(=O)C1(C(C)=O)C#CCCCCC1
308,FC1(F)C#CC(c2ccccc2)(c2ccccc2)CCCC1
309,CNC(=O)C1(C(F)(F)F)C#CC(C(=O)OC)(C(=O)OC)CCCC1
310,CNC(=O)C1(C(C)=O)C#CC(C)(C)CCCC1
311,CNC(=O)C1(C(C)=O)C#CC(C#N)(C#N)CCCC1
312,CNC(=O)C1(C(F)(F)F)C#CC(c2ccccc2)(c2ccccc2)CCCC1
313,BrC1(Br)C#CCCCCC1
314,CNC(=O)C1(C(C)=O)C#CC(C(C)=O)(C(C)=O)CCCC1
315,CC(=O)C1C#CC(F)(F)CCCC1
316,N#CC1(C(F)(F)F)C#CC(C(F)(F)F)(C(F)(F)F)CCCC1
317,COC(=O)C1C#CC(Br)(Br)CCCC1
318,CC(=O)C1(C)C#CC(c2ccccc2)(c2ccccc2)CCCC1
319,CC(=O)C1C#CC(Br)(Br)CCCC1
320,FC1(Br)C#CC(Cl)(Cl)CCCC1
321,COC(=O)C1(C(F)(F)F)C#CC(c2ccccc2)(c2ccccc2)CCCC1
322,CNC(=O)C1(C(F)(F)F)C#CC(C)(C)CCCC1
323,COC(=O)C1(Br)C#CC(F)(F)CCCC1
324,N#CC1(C#N)C#CC(F)(c2ccccc2)CCCC1
325,CNC(=O)C1(C(=O)NC)C#CCCCCC1
326,COC(=O)C1(C(=O)OC)C#CC(C)(Cl)CCCC1
327,CC1(C)C#CC(N)(c2ccccc2)CCCC1
328,CNC(=O)C1(c2ccccc2)C#CC(C#N)(C#N)CCCC1
329,COC(=O)C1(Cl)C#CC(c2ccccc2)(c2ccccc2)CCCC1
330,CNC(=O)C1(C)C#CC(C)(C)CCCC1
331,COC(=O)C1(C(C)=O)C#CC(C(F)(F)F)(C(F)(F)F)CCCC1
332,CC(=O)C1(c2ccccc2)C#CC(C(F)(F)F)(C(F)(F)F)CCCC1
333,CC(=O)C1(C(C)=O)C#CC(C)(c2ccccc2)CCCC1
334,CC(=O)C1(C(C)=O)C#CC(F)(Cl)CCCC1
335,COC(=O)C1(N)C#CC(Br)(Br)CCCC1
336,FC(F)(F)C1(C(F)(F)F)C#CC(Br)(c2ccccc2)CCCC1
337,CC(=O)C1(C)C#CC(Br)(Br)CCCC1
338,CC(=O)C1(C#N)C#CC(Br)(Br)CCCC1
339,COC(=O)C1(C(C)=O)C#CC(Cl)(Cl)CCCC1
340,CC(=O)C1(Cl)C#CC(Cl)(Cl)CCCC1
341,CC(=O)C1(C(C)=O)C#CC(C)(F)CCCC1
342,CC(=O)C1(C#N)C#CC(C)(C)CCCC1
343,CNC(=O)C1(C#N)C#CC(C)(C)CCCC1
344,CC1(Cl)C#CC(F)(F)CCCC1
345,CC1(C)C#CC(N)(C#N)CCCC1
346,COC(=O)C1(F)C#CC(C(C)=O)(C(C)=O)CCCC1
347,CC(=O)C1(C(F)(F)F)C#CC(Cl)(Cl)CCCC1
348,CC1(Cl)C#CC(N)(N)CCCC1
349,CC(=O)C1(C(C)=O)C#CC(Cl)CCCC1
350,CNC(=O)C1(N)C#CCCCCC1
351,COC(=O)C1(N)C#CC(C#N)(C#N)CCCC1
352,FC1(Br)C#CC(C(F)(F)F)(C(F)(F)F)CCCC1
353,CC1(C)C#CC(C#N)CCCC1
354,CC(=O)C1(C)C#CC(C)(C)CCCC1
355,N#CC1(C#N)C#CC(Br)(c2ccccc2)CCCC1
356,COC(=O)C1(Br)C#CC(C)(C)CCCC1
357,FC1(Br)C#CC(Br)(Br)CCCC1
358,ClC1(Cl)C#CC(c2ccccc2)(c2ccccc2)CCCC1
359,CNC(=O)C1(C(=O)OC)C#CC(Br)(Br)CCCC1
360,NC1(N)C#CC(Br)CCCC1
361,COC(=O)C1(C(=O)OC)C#CC(N)(c2ccccc2)CCCC1
362,N#CC1(C#N)C#CC(Br)(C(F)(F)F)CCCC1
363,NC1(F)C#CC(F)(F)CCCC1
364,CNC(=O)C1(C(=O)NC)C#CC(F)(c2ccccc2)CCCC1
365,FC1(F)C#CC(F)(F)CCCC1
366,COC(=O)C1(C(C)=O)C#CC(F)(F)CCCC1
367,CC(=O)C1(C(C)=O)C#CC(C(F)(F)F)(C(F)(F)F)CCCC1
368,NC1(N)C#CC(c2ccccc2)(C(F)(F)F)CCCC1
369,COC(=O)C1(C)C#CC(C)(C)CCCC1
370,FC1(F)C#CC(c2ccccc2)CCCC1
371,CNC(=O)C1(N)C#CC(C(F)(F)F)(C(F)(F)F)CCCC1
372,CC(=O)C1(Cl)C#CC(Br)(Br)CCCC1
373,CC(=O)C1(C(C)=O)C#CC(Cl)(Cl)CCCC1
374,CC1(C)C#CC(C#N)(C#N)CCCC1
375,CNC(=O)C1(C(=O)NC)C#CC(F)(C(=O)OC)CCCC1
376,N#CC1(C#N)C#CC(Cl)CCCC1
377,CNC(=O)C1(Br)C#CC(C(=O)OC)(C(=O)OC)CCCC1
378,CC(=O)C1(Cl)C#CC(C)(C)CCCC1
379,NC1(Cl)C#CC(Br)(Br)CCCC1
380,N#CC1(N)C#CC(N)(N)CCCC1
381,C1#CC(c2ccccc2)(c2ccccc2)CCCCC1(c1ccccc1)c1ccccc1
382,CC(=O)C1(Br)C#CC(C#N)(C#N)CCCC1
383,COC(=O)C1(C)C#CCCCCC1
384,COC(=O)C1(C#N)C#CC(C(=O)OC)(C(=O)OC)CCCC1
385,COC(=O)C1(C(F)(F)F)C#CC(Cl)(Cl)CCCC1
386,CC(=O)C1(C(C)=O)C#CC(C)(Br)CCCC1
387,COC(=O)C1(Br)C#CC(C(=O)OC)(C(=O)OC)CCCC1
388,COC(=O)C1C#CC(C(F)(F)F)(C(F)(F)F)CCCC1
389,FC(F)(F)C1(C(F)(F)F)C#CC(Cl)(Br)CCCC1
390,N#CC1(Cl)C#CCCCCC1
391,CC1(C#N)C#CC(N)(N)CCCC1
392,BrC1(Br)C#CC(Br)(c2ccccc2)CCCC1
393,CC1(C)C#CC(C)(c2ccccc2)CCCC1
394,COC(=O)C1(Cl)C#CC(F)(F)CCCC1
395,CNC(=O)C1(C(F)(F)F)C#CC(C#N)(C#N)CCCC1
396,COC(=O)C1(N)C#CC(c2ccccc2)(c2ccccc2)CCCC1
397,FC(F)(F)C1(C(F)(F)F)C#CC(C(F)(F)F)(C(F)(F)F)CCCC1
398,FC1(F)C#CC(C(F)(F)F)CCCC1
399,CC(=O)C1(C(C)=O)C#CC(C#N)(c2ccccc2)CCCC1
400,COC(=O)C1(C(=O)OC)C#CC(C(=O)OC)(C(F)(F)F)CCCC1
401,COC(=O)C1(C(=O)OC)C#CC(Cl)CCCC1
402,COC(=O)C1(C(=O)OC)C#CC(C(=O)OC)(C(=O)OC)CCCC1
403,CNC(=O)C1(C(=O)OC)C#CCCCCC1
404,CC(=O)C1(c2ccccc2)C#CC(N)(N)CCCC1
405,CC(=O)C1(C(C)=O)C#CC(c2ccccc2)CCCC1
406,COC(=O)C1(C(=O)OC)C#CC(C(F)(F)F)(C(F)(F)F)CCCC1
407,CNC(=O)C1(C#N)C#CC(C(=O)NC)(C(=O)NC)CCCC1
408,CNC(=O)C1(C)C#CCCCCC1
409,NC1(c2ccccc2)C#CC(F)(F)CCCC1
410,NC1(N)C#CC(N)(Cl)CCCC1
411,CC(=O)C1(Cl)C#CC(C(F)(F)F)(C(F)(F)F)CCCC1
412,CNC(=O)C1C#CC(C(C)=O)(C(C)=O)CCCC1
413,CC1(F)C#CC(C#N)(C#N)CCCC1
414,CC(=O)C1(C(F)(F)F)C#CC(N)(N)CCCC1
415,CNC(=O)C1(N)C#CC(N)(N)CCCC1
416,N#CC1(c2ccccc2)C#CC(N)(N)CCCC1
417,CC1(C)C#CC(c2ccccc2)CCCC1
418,COC(=O)C1(C(C)=O)C#CC(C(C)=O)(C(C)=O)CCCC1
419,CNC(=O)C1(C(=O)NC)C#CC(Br)(C(C)=O)CCCC1
420,CC(=O)C1(C(C)=O)C#CC(C#N)CCCC1
421,CNC(=O)C1C#CC(N)(N)CCCC1
422,CC(=O)C1(Br)C#CC(F)(F)CCCC1
423,CC(=O)C1(C(C)=O)C#CC(N)(C#N)CCCC1
424,CC(=O)C1C#CC(C(F)(F)F)(C(F)(F)F)CCCC1
425,N#CC1(C(F)(F)F)C#CC(Br)(Br)CCCC1
426,CC1C#CC(C(F)(F)F)(C(F)(F)F)CCCC1
427,CNC(=O)C1(C(F)(F)F)C#CC(F)(F)CCCC1
428,NC1(c2ccccc2)C#CC(c2ccccc2)(c2ccccc2)CCCC1
429,CC1(Br)C#CC(c2ccccc2)(c2ccccc2)CCCC1
430,CNC(=O)C1C#CC(C)(C)CCCC1
431,COC(=O)C1(C(=O)OC)C#CC(Br)CCCC1
432,COC(=O)C1(C(F)(F)F)C#CC(C(C)=O)(C(C)=O)CCCC1
433,N#CC1(C#N)C#CC(Cl)(c2ccccc2)CCCC1
434,N#CC1(C#N)C#CC(Cl)(Cl)CCCC1
435,N#CC1(Br)C#CC(C#N)(C#N)CCCC1
436,CNC(=O)C1(C(=O)NC)C#CC(F)(Cl)CCCC1
437,COC(=O)C1C#CC(Cl)(Cl)CCCC1
438,FC1(c2ccccc2)C#CC(C(F)(F)F)(C(F)(F)F)CCCC1
439,CNC(=O)C1(C(=O)NC)C#CC(Cl)(Cl)CCCC1
440,COC(=O)C1(C(=O)OC)C#CC(N)(C(F)(F)F)CCCC1
441,CC1(C)C#CC(c2ccccc2)(c2ccccc2)CCCC1
442,COC(=O)C1(C)C#CC(C(C)=O)(C(C)=O)CCCC1
443,COC(=O)C1(C(=O)OC)C#CC(C)(C)CCCC1
444,CNC(=O)C1(C(=O)NC)C#CC(C)(C#N)CCCC1
445,CC1(C)C#CC(C#N)(C(F)(F)F)CCCC1
446,NC1(Br)C#CC(Cl)(Cl)CCCC1
447,CC(=O)C1(C(F)(F)F)C#CC(F)(F)CCCC1
448,CC1C#CC(c2ccccc2)(c2ccccc2)CCCC1
449,FC1(c2ccccc2)C#CC(Br)(Br)CCCC1
450,CC(=O)C1(F)C#CC(c2ccccc2)(c2ccccc2)CCCC1
451,FC(F)(F)C1(Br)C#CCCCCC1
452,NC1(F)C#CC(C(F)(F)F)(C(F)(F)F)CCCC1
453,CNC(=O)C1(C(=O)NC)C#CC(F)(C(F)(F)F)CCCC1
454,COC(=O)C1(C(=O)OC)C#CC(N)(Br)CCCC1
455,CC(=O)C1(Br)C#CC(c2ccccc2)(c2ccccc2)CCCC1
456,FC1(F)C#CC(Br)(Br)CCCC1
457,CC1(C(F)(F)F)C#CC(Br)(Br)CCCC1
458,COC(=O)C1(c2ccccc2)C#CC(F)(F)CCCC1
459,FC(F)(F)C1C#CC(C(F)(F)F)(C(F)(F)F)CCCC1
460,CNC(=O)C1(C#N)C#CC(Cl)(Cl)CCCC1
461,CNC(=O)C1(C(=O)NC)C#CC(C(=O)NC)(C(=O)OC)CCCC1
462,FC1(F)C#CC(Br)(C(F)(F)F)CCCC1
463,ClC1(Br)C#CCCCCC1
464,N#CC1(Cl)C#CC(N)(N)CCCC1
465,COC(=O)C1(Br)C#CC(Br)(Br)CCCC1
466,CC1(C)C#CC(C(F)(F)F)CCCC1
467,COC(=O)C1(C(=O)OC)C#CC(Cl)(C(C)=O)CCCC1
468,CNC(=O)C1(C(=O)NC)C#CC(C#N)(c2ccccc2)CCCC1
469,COC(=O)C1(C)C#CC(C(=O)OC)(C(=O)OC)CCCC1
470,CC(=O)C1(F)C#CC(N)(N)CCCC1
471,CC(=O)C1(C(C)=O)C#CC(N)(C(F)(F)F)CCCC1
472,CNC(=O)C1(C(=O)NC)C#CC(Br)(Br)CCCC1
473,N#CC1C#CCCCCC1
474,CC1(C)C#CC(N)(Cl)CCCC1
475,CNC(=O)C1(C#N)C#CC(C(F)(F)F)(C(F)(F)F)CCCC1
476,COC(=O)C1(c2ccccc2)C#CC(c2ccccc2)(c2ccccc2)CCCC1
477,CNC(=O)C1(C)C#CC(C(C)=O)(C(C)=O)CCCC1
478,NC1(Cl)C#CC(F)(F)CCCC1
479,CC(=O)C1(Br)C#CC(C)(C)CCCC1
480,CC1(C#N)C#CC(Br)(Br)CCCC1
481,COC(=O)C1(Cl)C#CC(C#N)(C#N)CCCC1
482,BrC1C#CC(Br)(Br)CCCC1
483,CC(=O)C1(N)C#CC(C(F)(F)F)(C(F)(F)F)CCCC1
484,CC(=O)C1(C(C)=O)C#CC(F)(c2ccccc2)CCCC1
485,CNC(=O)C1(C(=O)NC)C#CC(N)(Cl)CCCC1
486,CNC(=O)C1(C)C#CC(c2ccccc2)(c2ccccc2)CCCC1
487,CNC(=O)C1(C(C)=O)C#CC(F)(F)CCCC1
488,COC(=O)C1(C(F)(F)F)C#CC(C)(C)CCCC1
489,CC1(C)C#CC(C#N)(c2ccccc2)CCCC1
490,NC1(C(F)(F)F)C#CC(Cl)(Cl)CCCC1
491,NC1C#CC(F)(F)CCCC1
492,CC(=O)C1(C(C)=O)C#CCCCCC1
493,NC1(c2ccccc2)C#CC(Br)(Br)CCCC1
494,CNC(=O)C1(Cl)C#CC(Cl)(Cl)CCCC1
495,CNC(=O)C1(F)C#CC(F)(F)CCCC1
496,N#CC1(F)C#CC(F)(F)CCCC1
497,CNC(=O)C1(N)C#CC(F)(F)CCCC1
498,CC1(c2ccccc2)C#CC(N)(N)CCCC1
499,CNC(=O)C1(Br)C#CCCCCC1
500,COC(=O)C1(C(=O)OC)C#CC(Br)(Br)CCCC1
501,FC(F)(F)C1(Cl)C#CCCCCC1
502,CNC(=O)C1(C)C#CC(C(=O)OC)(C(=O)OC)CCCC1
503,N#CC1(F)C#CC(Br)(Br)CCCC1
504,CNC(=O)C1(C(=O)NC)C#CC(C)(C)CCCC1
505,CC(=O)C1(C(C)=O)C#CC(c2ccccc2)(c2ccccc2)CCCC1
506,CC1(C)C#CC(C)(C#N)CCCC1
507,CC1(C)C#CC(C)(C)CCCC1
508,CC1(c2ccccc2)C#CC(Cl)(Cl)CCCC1
509,FC1(F)C#CCCCCC1
510,N#CC1(C#N)C#CC(c2ccccc2)(C(F)(F)F)CCCC1
511,COC(=O)C1(C(=O)OC)C#CC(C#N)(C(C)=O)CCCC1
512,ClC1(Br)C#CC(Br)(Br)CCCC1
513,CNC(=O)C1(Cl)C#CC(C(=O)OC)(C(=O)OC)CCCC1
514,COC(=O)C1(F)C#CC(C(F)(F)F)(C(F)(F)F)CCCC1
515,FC1(F)C#CC(F)(Cl)CCCC1
516,CC1(Br)C#CC(C(F)(F)F)(C(F)(F)F)CCCC1
517,CNC(=O)C1(Br)C#CC(Br)(Br)CCCC1
518,N#CC1C#CC(C#N)(C#N)CCCC1
519,CC(=O)C1(F)C#CC(C(C)=O)(C(C)=O)CCCC1
520,COC(=O)C1(C(=O)OC)C#CC(Cl)(Br)CCCC1
521,FC(F)(F)C1(C(F)(F)F)C#CCCCCC1
522,COC(=O)C1(C(F)(F)F)C#CC(Br)(Br)CCCC1
523,FC1(F)C#CC(C(F)(F)F)(C(F)(F)F)CCCC1
524,N#CC1(C#N)C#CC(F)(Br)CCCC1
525,ClC1(c2ccccc2)C#CC(c2ccccc2)(c2ccccc2)CCCC1
526,CC(=O)C1(c2ccccc2)C#CC(F)(F)CCCC1
527,CNC(=O)C1(C(=O)NC)C#CC(C)(N)CCCC1
528,CC(=O)C1(C(C)=O)C#CC(F)(C(F)(F)F)CCCC1
529,FC1C#CC(Br)(Br)CCCC1
530,NC1(Br)C#CC(C(F)(F)F)(C(F)(F)F)CCCC1
531,CC1(c2ccccc2)C#CC(Br)(Br)CCCC1
532,CC(=O)C1(F)C#CC(Cl)(Cl)CCCC1
533,CC1(Br)C#CC(Cl)(Cl)CCCC1
534,N#CC1(Cl)C#CC(F)(F)CCCC1
535,CC(=O)C1(Cl)C#CC(N)(N)CCCC1
536,COC(=O)C1(C(=O)OC)C#CC(C)(C#N)CCCC1
537,COC(=O)C1(Cl)C#CC(N)(N)CCCC1
538,CNC(=O)C1(C(=O)NC)C#CC(C(C)=O)(c2ccccc2)CCCC1
539,CC(=O)C1(C)C#CC(N)(N)CCCC1
540,CC(=O)C1(N)C#CC(F)(F)CCCC1
541,FC1C#CC(c2ccccc2)(c2ccccc2)CCCC1
542,NC1(N)C#CC(F)(F)CCCC1
543,CNC(=O)C1(Cl)C#CC(N)(N)CCCC1
544,C1#CCCCCCC1
545,COC(=O)C1(C(=O)OC)C#CC(Br)(C(F)(F)F)CCCC1
546,N#CC1(C#N)C#CC(c2ccccc2)(c2ccccc2)CCCC1
547,CNC(=O)C1(C(C)=O)C#CC(Br)(Br)CCCC1
548,ClC1(Cl)C#CC(Br)(Br)CCCC1
549,CNC(=O)C1(Cl)C#CC(C)(C)CCCC1
550,ClC1(Cl)C#CC(Cl)(Cl)CCCC1
551,COC(=O)C1(C#N)C#CC(C#N)(C#N)CCCC1
552,N#CC1(C#N)C#CC(Br)(Br)CCCC1
553,COC(=O)C1(c2ccccc2)C#CC(C(C)=O)(C(C)=O)CCCC1
554,N#CC1(C#N)C#CC(F)(C(F)(F)F)CCCC1
555,COC(=O)C1(C(=O)OC)C#CC(c2ccccc2)CCCC1
556,N#CC1(C#N)C#CCCCCC1
557,CNC(=O)C1(Cl)C#CC(C#N)(C#N)CCCC1
558,CNC(=O)C1(C(=O)NC)C#CC(C(=O)NC)(C(=O)NC)CCCC1
559,CNC(=O)C1(C#N)C#CC(C(C)=O)(C(C)=O)CCCC1
560,CNC(=O)C1(c2ccccc2)C#CC(N)(N)CCCC1
561,FC1(Cl)C#CC(C(F)(F)F)(C(F)(F)F)CCCC1
562,NC1(Br)C#CC(Br)(Br)CCCC1
563,CC(=O)C1(C#N)C#CC(N)(N)CCCC1
564,CNC(=O)C1(C(F)(F)F)C#CCCCCC1
565,CNC(=O)C1(F)C#CC(C(=O)OC)(C(=O)OC)CCCC1
566,COC(=O)C1(N)C#CCCCCC1
567,CNC(=O)C1(C(=O)NC)C#CC(c2ccccc2)(c2ccccc2)CCCC1
568,N#CC1C#CC(C(F)(F)F)(C(F)(F)F)CCCC1
569,COC(=O)C1(c2ccccc2)C#CCCCCC1
570,ClC1(Cl)C#CC(Br)(c2ccccc2)CCCC1
571,CC1(N)C#CC(Br)(Br)CCCC1
572,CNC(=O)C1(Cl)C#CCCCCC1
573,CNC(=O)C1(C(=O)NC)C#CC(Br)CCCC1
574,CC(=O)C1(N)C#CCCCCC1
575,CC1(C)C#CC(F)(Br)CCCC1
576,ClC1(Br)C#CC(c2ccccc2)(c2ccccc2)CCCC1
577,CC1(C)C#CC(F)CCCC1
578,FC(F)(F)C1(C(F)(F)F)C#CC(c2ccccc2)CCCC1
579,N#CC1(c2ccccc2)C#CCCCCC1
580,COC(=O)C1(C(=O)OC)C#CC(F)(C(C)=O)CCCC1
581,COC(=O)C1(C(=O)OC)C#CC(C(F)(F)F)CCCC1
582,COC(=O)C1(C(=O)OC)C#CC(F)CCCC1
583,FC(F)(F)C1(C(F)(F)F)C#CC(Cl)(Cl)CCCC1
584,CNC(=O)C1(C(=O)NC)C#CC(F)(Br)CCCC1
585,COC(=O)C1(c2ccccc2)C#CC(Cl)(Cl)CCCC1
586,CNC(=O)C1C#CC(C#N)(C#N)CCCC1
587,CNC(=O)C1(c2ccccc2)C#CC(C)(C)CCCC1
588,COC(=O)C1(C(=O)OC)C#CC(C)(N)CCCC1
589,CC1(C#N)C#CC(C#N)(C#N)CCCC1
590,CNC(=O)C1(C(=O)NC)C#CC(C(C)=O)(C(C)=O)CCCC1
591,FC1(F)C#CC(F)(Br)CCCC1
592,CNC(=O)C1(C(=O)NC)C#CC(Cl)(Br)CCCC1
593,COC(=O)C1(F)C#CC(F)(F)CCCC1
594,CNC(=O)C1(Br)C#CC(N)(N)CCCC1
595,COC(=O)C1(C#N)C#CC(Br)(Br)CCCC1
596,COC(=O)C1(C(=O)OC)C#CC(N)(Cl)CCCC1
597,N#CC1(N)C#CC(C#N)(C#N)CCCC1
598,CC1(N)C#CC(C(F)(F)F)(C(F)(F)F)CCCC1
599,CC1(Br)C#CC(N)(N)CCCC1
600,NC1(Br)C#CC(F)(F)CCCC1
601,NC1(C(F)(F)F)C#CC(c2ccccc2)(c2ccccc2)CCCC1
602,COC(=O)C1(C(=O)OC)C#CC(C)(C(F)(F)F)CCCC1
603,CC1(N)C#CC(c2ccccc2)(c2ccccc2)CCCC1
604,COC(=O)C1(C(=O)OC)C#CC(C#N)CCCC1
605,COC(=O)C1C#CC(N)(N)CCCC1
606,CNC(=O)C1(c2ccccc2)C#CC(C(=O)OC)(C(=O)OC)CCCC1
607,COC(=O)C1(N)C#CC(F)(F)CCCC1
608,N#CC1(C#N)C#CC(C(F)(F)F)(C(F)(F)F)CCCC1
609,CC1(N)C#CC(Cl)(Cl)CCCC1
610,CNC(=O)C1(C(=O)NC)C#CC(C#N)(C(F)(F)F)CCCC1
611,CC(=O)C1(N)C#CC(Br)(Br)CCCC1
612,ClC1(Cl)C#CC(Cl)(c2ccccc2)CCCC1
613,CC1(c2ccccc2)C#CC(C(F)(F)F)(C(F)(F)F)CCCC1
614,CC(=O)C1(C(C)=O)C#CC(c2ccccc2)(C(F)(F)F)CCCC1
615,FC1(Cl)C#CC(c2ccccc2)(c2ccccc2)CCCC1
616,COC(=O)C1(C(=O)OC)C#CC(Cl)(c2ccccc2)CCCC1
617,CNC(=O)C1(Cl)C#CC(C(F)(F)F)(C(F)(F)F)CCCC1
618,FC(F)(F)C1(C(F)(F)F)C#CC(Cl)(c2ccccc2)CCCC1
619,N#CC1(C#N)C#CC(Cl)(C(F)(F)F)CCCC1
620,CC1(C)C#CC(C)(C(F)(F)F)CCCC1
621,COC(=O)C1(F)C#CC(C#N)(C#N)CCCC1
622,CC(=O)C1(c2ccccc2)C#CC(c2ccccc2)(c2ccccc2)CCCC1
623,NC1C#CC(c2ccccc2)(c2ccccc2)CCCC1
624,CC(=O)C1(c2ccccc2)C#CC(Br)(Br)CCCC1
625,CNC(=O)C1(C#N)C#CCCCCC1
626,CC(=O)C1(Br)C#CC(Cl)(Cl)CCCC1
627,CC(=O)C1C#CC(C#N)(C#N)CCCC1
628,CNC(=O)C1(Br)C#CC(C)(C)CCCC1
629,COC(=O)C1(C(=O)OC)C#CC(C(C)=O)CCCC1
630,CC(=O)C1(C#N)C#CCCCCC1
631,CNC(=O)C1(C(=O)NC)C#CC(C)(Cl)CCCC1
632,CC(=O)C1(Br)C#CC(C(F)(F)F)(C(F)(F)F)CCCC1
633,CNC(=O)C1(C(=O)NC)C#CC(C#N)(C(C)=O)CCCC1
634,CC1(c2ccccc2)C#CC(F)(F)CCCC1
635,COC(=O)C1(C(=O)OC)C#CC(C#N)(C(F)(F)F)CCCC1
636,COC(=O)C1(F)C#CC(C(=O)OC)(C(=O)OC)CCCC1
637,CC(=O)C1(C(C)=O)C#CC(Br)CCCC1
638,CC(=O)C1(C(C)=O)C#CC(C(C)=O)(C(C)=O)CCCC1
639,CNC(=O)C1(C(=O)NC)C#CC(C(=O)OC)(c2ccccc2)CCCC1
640,ClC1(Cl)C#CC(Br)CCCC1
641,CNC(=O)C1(C(C)=O)C#CC(C(=O)OC)(C(=O)OC)CCCC1
642,CNC(=O)C1C#CC(C(=O)OC)(C(=O)OC)CCCC1
643,COC(=O)C1(C(=O)OC)C#CC(C(C)=O)(c2ccccc2)CCCC1
644,CNC(=O)C1(C(F)(F)F)C#CC(Br)(Br)CCCC1
645,CC(=O)C1(C(C)=O)C#CC(N)(N)CCCC1
646,CNC(=O)C1(F)C#CC(Br)(Br)CCCC1
647,CC1(Cl)C#CC(C#N)(C#N)CCCC1
648,FC(F)(F)C1(C(F)(F)F)C#CC(c2ccccc2)(c2ccccc2)CCCC1
649,CNC(=O)C1(C(=O)NC)C#CC(C(=O)NC)(C(F)(F)F)CCCC1
650,COC(=O)C1(Br)C#CC(c2ccccc2)(c2ccccc2)CCCC1
651,FC(F)(F)C1(C(F)(F)F)C#CC(Cl)CCCC1
652,COC(=O)C1C#CC(C)(C)CCCC1
653,N#CC1(C(F)(F)F)C#CCCCCC1
654,COC(=O)C1C#CC(c2ccccc2)(c2ccccc2)CCCC1
655,CNC(=O)C1(C(=O)NC)C#CC(C(F)(F)F)CCCC1
656,CC1(C)C#CC(F)(Cl)CCCC1
657,CC1(C)C#CC(Br)(C#N)CCCC1
658,CNC(=O)C1(C(F)(F)F)C#CC(Cl)(Cl)CCCC1
659,FC(F)(F)C1(Br)C#CC(C(F)(F)F)(C(F)(F)F)CCCC1
660,COC(=O)C1(C(=O)OC)C#CC(C(=O)OC)(c2ccccc2)CCCC1
661,CC(=O)C1C#CC(C)(C)CCCC1
662,CC1(Br)C#CC(C#N)(C#N)CCCC1
663,CC1(N)C#CC(C#N)(C#N)CCCC1
664,FC1C#CC(C(F)(F)F)(C(F)(F)F)CCCC1
665,CNC(=O)C1(C#N)C#CC(C(=O)OC)(C(=O)OC)CCCC1
666,CC1(C)C#CC(N)(F)CCCC1
667,COC(=O)C1(Cl)C#CC(C(=O)OC)(C(=O)OC)CCCC1
668,CC1(C)C#CC(Cl)(c2ccccc2)CCCC1
669,CC1C#CC(C#N)(C#N)CCCC1
670,COC(=O)C1(C(=O)OC)C#CC(F)(F)CCCC1
671,CNC(=O)C1(C(=O)NC)C#CC(C(C)=O)(C(F)(F)F)CCCC1
672,BrC1(c2ccccc2)C#CCCCCC1
673,CNC(=O)C1(C(=O)NC)C#CC(C(F)(F)F)(C(F)(F)F)CCCC1
674,N#CC1(N)C#CC(C(F)(F)F)(C(F)(F)F)CCCC1
675,CNC(=O)C1(C(=O)OC)C#CC(F)(F)CCCC1
676,CNC(=O)C1(c2ccccc2)C#CC(c2ccccc2)(c2ccccc2)CCCC1
677,NC1(N)C#CC(F)(Br)CCCC1
678,COC(=O)C1(Cl)C#CC(C(C)=O)(C(C)=O)CCCC1
679,CNC(=O)C1(C(=O)OC)C#CC(Cl)(Cl)CCCC1
680,COC(=O)C1(C(=O)OC)C#CC(C)(Br)CCCC1
681,CNC(=O)C1(C(=O)NC)C#CC(Cl)(C#N)CCCC1
682,COC(=O)C1(C)C#CC(C#N)(C#N)CCCC1
683,COC(=O)C1(Cl)C#CCCCCC1
684,COC(=O)C1(C(=O)OC)C#CC(C#N)(c2ccccc2)CCCC1
685,CC1(N)C#CC(F)(F)CCCC1
686,CC(=O)C1(C(C)=O)C#CC(Cl)(Br)CCCC1
687,CC1(C)C#CC(Cl)(Cl)CCCC1
688,CNC(=O)C1(C(=O)NC)C#CC(C)CCCC1
689,FC1(Br)C#CC(c2ccccc2)(c2ccccc2)CCCC1
690,CC(=O)C1(N)C#CC(C#N)(C#N)CCCC1
691,N#CC1(C#N)C#CC(N)(Br)CCCC1
692,NC1(N)C#CC(Cl)(C(F)(F)F)CCCC1
693,CNC(=O)C1(Br)C#CC(F)(F)CCCC1
694,CC1(Cl)C#CC(Cl)(Cl)CCCC1
695,CC1(C)C#CC(F)(c2ccccc2)CCCC1
696,FC(F)(F)C1(C(F)(F)F)C#CC(Br)CCCC1
697,CC1C#CC(Br)(Br)CCCC1
698,N#CC1C#CC(c2ccccc2)(c2ccccc2)CCCC1
699,CNC(=O)C1C#CC(F)(F)CCCC1
700,COC(=O)C1(C(=O)OC)C#CC(C(C)=O)(C(C)=O)CCCC1
701,COC(=O)C1(F)C#CC(Br)(Br)CCCC1
702,CC1(C(F)(F)F)C#CC(N)(N)CCCC1
703,NC1(N)C#CC(F)CCCC1
704,COC(=O)C1(C)C#CC(C(F)(F)F)(C(F)(F)F)CCCC1
705,FC(F)(F)C1(F)C#CC(C(F)(F)F)(C(F)(F)F)CCCC1
706,CC1(F)C#CC(Cl)(Cl)CCCC1
707,N#CC1(F)C#CC(C(F)(F)F)(C(F)(F)F)CCCC1
708,CNC(=O)C1(N)C#CC(C(=O)OC)(C(=O)OC)CCCC1
709,CNC(=O)C1C#CC(Cl)(Cl)CCCC1
710,NC1(N)C#CC(Br)(c2ccccc2)CCCC1
711,CNC(=O)C1(C(=O)NC)C#CC(Br)(C#N)CCCC1
712,COC(=O)C1(C(F)(F)F)C#CC(C#N)(C#N)CCCC1
713,N#CC1(c2ccccc2)C#CC(c2ccccc2)(c2ccccc2)CCCC1
714,CNC(=O)C1(C(=O)NC)C#CC(C)(Br)CCCC1
715,CC(=O)C1(C(C)=O)C#CC(Br)(Br)CCCC1
716,CC1(C)C#CC(N)CCCC1
717,CC1(C)C#CC(C)(N)CCCC1
718,CNC(=O)C1C#CC(c2ccccc2)(c2ccccc2)CCCC1
719,COC(=O)C1(Br)C#CC(N)(N)CCCC1
720,COC(=O)C1(C(=O)OC)C#CC(Cl)(C#N)CCCC1
721,COC(=O)C1(C(=O)OC)C#CC(Cl)(C(F)(F)F)CCCC1
722,CC(=O)C1(C(C)=O)C#CC(C#N)(C#N)CCCC1
723,CC(=O)C1(C(C)=O)C#CC(F)(C#N)CCCC1
724,COC(=O)C1(C(C)=O)C#CC(c2ccccc2)(c2ccccc2)CCCC1
725,NC1(N)C#CCCCCC1
726,FC1(Cl)C#CC(Cl)(Cl)CCCC1
727,COC(=O)C1(C(=O)OC)C#CC(F)(C(F)(F)F)CCCC1
728,N#CC1(Br)C#CCCCCC1
729,COC(=O)C1(C(=O)OC)C#CC(F)(Cl)CCCC1
730,NC1C#CCCCCC1
731,COC(=O)C1(Br)C#CC(C(F)(F)F)(C(F)(F)F)CCCC1
732,NC1(N)C#CC(C(F)(F)F)CCCC1
733,NC1C#CC(Cl)(Cl)CCCC1
734,FC(F)(F)C1(Br)C#CC(Br)(Br)CCCC1
735,CNC(=O)C1(C(=O)NC)C#CC(C)(c2ccccc2)CCCC1
736,COC(=O)C1(C(=O)OC)C#CC(C)CCCC1
737,CNC(=O)C1(F)C#CC(C#N)(C#N)CCCC1
738,CC(=O)C1(F)C#CC(Br)(Br)CCCC1
739,NC1(N)C#CC(c2ccccc2)CCCC1
740,CNC(=O)C1(C(=O)NC)C#CC(Cl)(C(F)(F)F)CCCC1
741,CC(=O)C1(C#N)C#CC(c2ccccc2)(c2ccccc2)CCCC1
742,CC1(C(F)(F)F)C#CC(C(F)(F)F)(C(F)(F)F)CCCC1
743,COC(=O)C1(C(=O)OC)C#CC(C)(C(C)=O)CCCC1
744,CC(=O)C1(Cl)C#CC(C#N)(C#N)CCCC1
745,CC1(Cl)C#CCCCCC1
746,N#CC1(Cl)C#CC(Cl)(Cl)CCCC1
747,CC1(c2ccccc2)C#CC(C#N)(C#N)CCCC1
748,FC1(Cl)C#CC(Br)(Br)CCCC1
749,N#CC1(c2ccccc2)C#CC(F)(F)CCCC1
750,N#CC1(C#N)C#CC(F)CCCC1
751,N#CC1(C#N)C#CC(c2ccccc2)CCCC1
752,COC(=O)C1(Br)C#CC(C#N)(C#N)CCCC1
753,CNC(=O)C1(c2ccccc2)C#CC(C(C)=O)(C(C)=O)CCCC1
754,CNC(=O)C1(C(=O)NC)C#CC(C)(C(C)=O)CCCC1
755,N#CC1(Br)C#CC(C(F)(F)F)(C(F)(F)F)CCCC1
756,ClC1C#CCCCCC1
757,COC(=O)C1(C(=O)OC)C#CC(C)(F)CCCC1
758,CNC(=O)C1(C#N)C#CC(F)(F)CCCC1
759,CNC(=O)C1(C(=O)NC)C#CC(Br)(C(F)(F)F)CCCC1
760,FC1(F)C#CC(Cl)CCCC1
761,CC1C#CC(C)(C)CCCC1
762,CC(=O)C1(C(C)=O)C#CC(C)(C)CCCC1
763,N#CC1(C#N)C#CC(C#N)(c2ccccc2)CCCC1
764,COC(=O)C1(C(F)(F)F)C#CC(N)(N)CCCC1
765,CNC(=O)C1C#CC(C(F)(F)F)(C(F)(F)F)CCCC1
766,CC1(C)C#CC(N)(Br)CCCC1
767,FC(F)(F)C1(c2ccccc2)C#CC(C(F)(F)F)(C(F)(F)F)CCCC1
768,COC(=O)C1(C(=O)OC)C#CC(Br)(C(C)=O)CCCC1
769,CNC(=O)C1(C(F)(F)F)C#CC(C(C)=O)(C(C)=O)CCCC1
770,CC1(C)C#CCCCCC1
771,CNC(=O)C1(C#N)C#CC(Br)(Br)CCCC1
772,CNC(=O)C1(C)C#CC(C(=O)NC)(C(=O)NC)CCCC1
773,CNC(=O)C1(F)C#CC(c2ccccc2)(c2ccccc2)CCCC1
774,COC(=O)C1(Br)C#CCCCCC1
775,COC(=O)C1(C(C)=O)C#CC(C)(C)CCCC1
776,N#CC1(N)C#CC(F)(F)CCCC1
777,NC1(N)C#CC(N)(F)CCCC1
778,CC1(Br)C#CC(F)(F)CCCC1
779,CC(=O)C1(N)C#CC(C)(C)CCCC1
780,N#CC1(C(F)(F)F)C#CC(Cl)(Cl)CCCC1
781,CC(=O)C1(Cl)C#CC(c2ccccc2)(c2ccccc2)CCCC1
782,NC1(F)C#CC(Br)(Br)CCCC1
783,CC(=O)C1(C(F)(F)F)C#CC(c2ccccc2)(c2ccccc2)CCCC1
784,NC1(N)C#CC(c2ccccc2)(c2ccccc2)CCCC1
785,COC(=O)C1(C(=O)OC)C#CC(Br)(C#N)CCCC1
786,CC1(C)C#CC(F)(F)CCCC1
787,COC(=O)C1(C(F)(F)F)C#CCCCCC1
788,CNC(=O)C1(C(=O)NC)C#CC(N)(C(F)(F)F)CCCC1
789,CC(=O)C1(C#N)C#CC(C(F)(F)F)(C(F)(F)F)CCCC1
790,CC1(C(F)(F)F)C#CC(c2ccccc2)(c2ccccc2)CCCC1
791,COC(=O)C1(F)C#CCCCCC1
792,COC(=O)C1(c2ccccc2)C#CC(C(F)(F)F)(C(F)(F)F)CCCC1
793,CC(=O)C1(c2ccccc2)C#CC(Cl)(Cl)CCCC1
794,CNC(=O)C1(C#N)C#CC(C#N)(C#N)CCCC1
795,COC(=O)C1C#CC(C(=O)OC)(C(=O)OC)CCCC1
796,COC(=O)C1C#CC(C(C)=O)(C(C)=O)CCCC1
797,COC(=O)C1(C)C#CC(c2ccccc2)(c2ccccc2)CCCC1
798,NC1(N)C#CC(Br)(C(F)(F)F)CCCC1
799,CC1(F)C#CC(c2ccccc2)(c2ccccc2)CCCC1
800,CC1(C(F)(F)F)C#CC(F)(F)CCCC1
801,N#CC1(F)C#CC(Cl)(Cl)CCCC1
802,NC1(N)C#CC(F)(C(F)(F)F)CCCC1
803,CNC(=O)C1(F)C#CC(C(=O)NC)(C(=O)NC)CCCC1
804,CNC(=O)C1(C(C)=O)C#CC(Cl)(Cl)CCCC1
805,COC(=O)C1(C#N)C#CC(c2ccccc2)(c2ccccc2)CCCC1
806,N#CC1(N)C#CC(Cl)(Cl)CCCC1
807,ClC1C#CC(Br)(Br)CCCC1
808,CNC(=O)C1(C(=O)NC)C#CC(C#N)CCCC1
809,CC(=O)C1(Cl)C#CC(C(C)=O)(C(C)=O)CCCC1
810,N#CC1(Cl)C#CC(C#N)(C#N)CCCC1
811,COC(=O)C1(C(=O)OC)C#CC(N)(C#N)CCCC1
812,CNC(=O)C1(C(C)=O)C#CC(N)(N)CCCC1
813,CNC(=O)C1(C)C#CC(Br)(Br)CCCC1
814,CC1(c2ccccc2)C#CC(c2ccccc2)(c2ccccc2)CCCC1
815,NC1(C(F)(F)F)C#CC(Br)(Br)CCCC1
816,N#CC1(F)C#CC(c2ccccc2)(c2ccccc2)CCCC1
817,CC(=O)C1(C#N)C#CC(C(C)=O)(C(C)=O)CCCC1
818,COC(=O)C1(N)C#CC(C(C)=O)(C(C)=O)CCCC1
819,CNC(=O)C1(C(=O)NC)C#CC(C(=O)OC)(C(=O)OC)CCCC1
820,CC(=O)C1C#CC(C(C)=O)(C(C)=O)CCCC1
821,COC(=O)C1(Cl)C#CC(Br)(Br)CCCC1
822,NC1(N)C#CC(C(F)(F)F)(C(F)(F)F)CCCC1
823,CNC(=O)C1(C(=O)NC)C#CC(N)(c2ccccc2)CCCC1
824,CC(=O)C1(C(F)(F)F)C#CC(C(F)(F)F)(C(F)(F)F)CCCC1
825,CC1(C)C#CC(C)(Cl)CCCC1
826,BrC1C#CC(c2ccccc2)(c2ccccc2)CCCC1
827,CC1(F)C#CC(Br)(Br)CCCC1
828,CNC(=O)C1(C(C)=O)C#CC(c2ccccc2)(c2ccccc2)CCCC1
829,CC1(C)C#CC(C)(Br)CCCC1
830,N#CC1(C#N)C#CC(F)(F)CCCC1
831,CC1(Cl)C#CC(c2ccccc2)(c2ccccc2)CCCC1
832,COC(=O)C1(N)C#CC(C(=O)OC)(C(=O)OC)CCCC1
833,CNC(=O)C1(C(F)(F)F)C#CC(C(F)(F)F)(C(F)(F)F)CCCC1
834,CC1(N)C#CC(N)(N)CCCC1
835,N#CC1(C#N)C#CC(N)(c2ccccc2)CCCC1
836,FC(F)(F)C1(F)C#CCCCCC1
837,COC(=O)C1(C#N)C#CC(Cl)(Cl)CCCC1
838,N#CC1C#CC(Br)(Br)CCCC1
839,FC(F)(F)C1(F)C#CC(Br)(Br)CCCC1
840,N#CC1(C#N)C#CC(F)(Cl)CCCC1
841,COC(=O)C1(C(F)(F)F)C#CC(F)(F)CCCC1
842,N#CC1(C(F)(F)F)C#CC(c2ccccc2)(c2ccccc2)CCCC1
843,CC(=O)C1(Br)C#CC(Br)(Br)CCCC1
844,N#CC1(Br)C#CC(Cl)(Cl)CCCC1
845,CC(=O)C1C#CC(c2ccccc2)(c2ccccc2)CCCC1
846,CC(=O)C1(C(F)(F)F)C#CC(C#N)(C#N)CCCC1
847,FC1(F)C#CC(Cl)(Cl)CCCC1
848,FC(F)(F)C1(F)C#CC(c2ccccc2)(c2ccccc2)CCCC1
849,N#CC1(Cl)C#CC(Br)(Br)CCCC1
850,CNC(=O)C1(c2ccccc2)C#CC(Br)(Br)CCCC1
851,CNC(=O)C1(C(=O)NC)C#CC(Br)(c2ccccc2)CCCC1
852,CNC(=O)C1(C(=O)NC)C#CC(C(=O)OC)CCCC1
853,NC1(N)C#CC(F)(c2ccccc2)CCCC1
854,N#CC1(Br)C#CC(F)(F)CCCC1
855,N#CC1(C#N)C#CC(N)(C(F)(F)F)CCCC1
856,N#CC1C#CC(N)(N)CCCC1
857,COC(=O)C1(C(C)=O)C#CCCCCC1
858,COC(=O)C1(C(=O)OC)C#CC(C)(c2ccccc2)CCCC1
859,N#CC1(c2ccccc2)C#CC(Cl)(Cl)CCCC1
860,COC(=O)C1(C#N)C#CC(N)(N)CCCC1
861,COC(=O)C1(C(F)(F)F)C#CC(C(F)(F)F)(C(F)(F)F)CCCC1
862,CC1(C)C#CC(F)(C(F)(F)F)CCCC1
863,BrC1C#CCCCCC1
864,CC1(C(F)(F)F)C#CCCCCC1
865,NC1(F)C#CCCCCC1
866,COC(=O)C1(C(=O)OC)C#CC(N)(N)CCCC1
867,CC1(c2ccccc2)C#CCCCCC1
868,CNC(=O)C1(F)C#CC(C)(C)CCCC1
869,NC1(Cl)C#CC(c2ccccc2)(c2ccccc2)CCCC1
