,dipole
0,CNC(=O)[C-](C(=O)NC)[N+](C)=C(C)C(C)=O
1,CC(=O)N=[NH+][N-]c1ccccc1
2,CNC(=O)[C-](C(=O)NC)[N+](C)=C(C(C)=O)C(C)=O
3,C[N+](=Nc1ccccc1)[N-]C#N
4,COC(=O)[C-]([O+]=C(C)c1ccccc1)C(C)=O
5,CNC(=O)[N-][O+]=NC(=O)OC
6,CC(=O)[C-]([O+]=CC#N)C(C)=O
7,CC(=O)C=[NH+][C-](C#N)c1ccccc1
8,CNC(=O)[C-](C#N)[N+](C)=C(C)c1ccccc1
9,CNC(=O)C(C(C)=O)=[N+](C)[C-](C(=O)NC)C(=O)OC
10,CNC(=O)C(C(C)=O)=[N+](C)[C-](C(C)=O)C(=O)OC
11,CNC(=O)[C-](C(=O)OC)[N+](C)=C(C)C(=O)OC
12,CNC(=O)C=[N+](C)[C-](C)C(=O)NC
13,CNC(=O)[C-]([O+]=C(c1ccccc1)c1ccccc1)c1ccccc1
14,CNC(=O)[C-](C(=O)NC)[N+](C)=C(C)C#N
15,CNC(=O)C(C)=[NH+][C-](C#N)C#N
16,CC(=O)C(C)=[NH+][N-]c1ccccc1
17,COC(=O)C(C#N)=[O+][C-](c1ccccc1)c1ccccc1
18,COC(=O)[C-](C(C)=O)[N+](C)=C(C)C#N
19,CNC(=O)C=[N+](C)[C-](C)C
20,CC(=O)[C-](C(C)=O)[N+](C)=C(C)C#N
21,CNC(=O)[CH-][NH+]=C(C(=O)OC)C(=O)OC
22,CNC(=O)[C-]([NH+]=C(C)C(=O)OC)c1ccccc1
23,CNC(=O)C(=[NH+][C-](c1ccccc1)c1ccccc1)C(C)=O
24,CNC(=O)C(C)=[NH+][NH-]
25,CNC(=O)C(C)=[NH+][C-](C)C(=O)OC
26,CC(=O)C(C#N)=[O+][CH-]c1ccccc1
27,COC(=O)C(C#N)=[O+][C-](C)C#N
28,[O-][O+]=C(c1ccccc1)c1ccccc1
29,CNC(=O)C(=[O+][C-](C)c1ccccc1)c1ccccc1
30,CC(=O)[C-]([NH+]=C(C#N)C#N)c1ccccc1
31,CNC(=O)C=[NH+][C-](C)C#N
32,CC(=O)C=[O+][C-](C(C)=O)C(C)=O
33,CNC(=O)[C-](C#N)[N+](C)=C(C(C)=O)C(C)=O
34,C=[O+][CH-]c1ccccc1
35,C[CH-][O+]=C(C#N)C(=O)OC
36,CC(C)=[NH+][C-](C)c1ccccc1
37,COC(=O)[C-](C(=O)OC)[N+](C)=CC(C)=O
38,COC(=O)[N-][NH+]=C(C)C#N
39,COC(=O)C(C#N)=[NH+][C-](C)C#N
40,CNC(=O)C(=[O+][C-](C(=O)NC)C(=O)OC)C(=O)NC
41,COC(=O)C(=[O+][O-])C(C)=O
42,CNC(=O)C(C)=[N+](C)[C-](C(=O)NC)C(=O)OC
43,CNC(=O)C(C(=O)NC)=[N+](C)[C-](C(C)=O)C(=O)OC
44,CC(C#N)=[N+](C)[C-](c1ccccc1)c1ccccc1
45,COC(=O)C(=[NH+][C-](C)C(=O)OC)C(=O)OC
46,CNC(=O)C(C(C)=O)=[N+](C)[C-](C)C(=O)NC
47,CC(=O)C(C#N)=[O+][C-](C#N)C(C)=O
48,N#C[N-][O+]=Cc1ccccc1
49,CN=[NH+][NH-]
50,COC(=O)C(C#N)=[N+](C)[C-](C(C)=O)C(C)=O
51,COC(=O)[N-][O+]=NC#N
52,COC(=O)C=[O+][C-](C)C#N
53,CC(C)=[NH+][C-](c1ccccc1)c1ccccc1
54,COC(=O)[CH-][O+]=C(C)C#N
55,COC(=O)[C-]([O+]=CC(C)=O)c1ccccc1
56,CNC(=O)C(=[NH+][N-]C#N)C(=O)NC
57,COC(=O)C=[NH+][O-]
58,CNC(=O)[CH-][O+]=C(C#N)C(=O)OC
59,CNC(=O)C(=[NH+][C-](C)C(=O)OC)C(=O)NC
60,CNC(=O)C(=[O+][C-](C(C)=O)C(=O)NC)c1ccccc1
61,CNC(=O)[C-](C(=O)NC)[N+](C)=C(C(=O)OC)c1ccccc1
62,COC(=O)C(C#N)=[NH+][O-]
63,COC(=O)[C-](C)[O+]=C(C#N)C(C)=O
64,CNC(=O)C(C(=O)OC)=[N+](C)[C-](C(=O)NC)C(=O)OC
65,COC(=O)C(=[NH+][C-](c1ccccc1)c1ccccc1)c1ccccc1
66,CNC(=O)C=[NH+][C-](C#N)C(C)=O
67,CNC(=O)[C-](C)[O+]=C(c1ccccc1)c1ccccc1
68,COC(=O)[C-](C)[N+](C)=C(C(C)=O)c1ccccc1
69,CNC(=O)[C-]([NH+]=CC(=O)OC)C(C)=O
70,CC(C)=[NH+][N-]C#N
71,COC(=O)C(C)=[N+](C)[C-](C#N)C#N
72,CNC(=O)C=[O+][CH-]C#N
73,COC(=O)[C-](C#N)[N+](C)=CC#N
74,CNC(=O)C(=[O+][C-](C(C)=O)C(C)=O)C(C)=O
75,COC(=O)[CH-][N+](C)=CC#N
76,CNC(=O)C(=[NH+][C-](C(C)=O)C(C)=O)C(C)=O
77,CNC(=O)[C-]([NH+]=C(C)C(C)=O)C(C)=O
78,CNC(=O)C(C#N)=[O+][N-]C#N
79,CNC(=O)C(=[NH+][N-]C#N)C(=O)OC
80,CC(C#N)=[N+](C)[C-](c1ccccc1)c1ccccc1
81,COC(=O)C=[O+][CH-]C#N
82,CNC(=O)C(=[NH+][C-](C)C(=O)OC)C(=O)NC
83,C[CH-][N+](C)=CC#N
84,CC(=O)C(c1ccccc1)=[N+](C)[C-](C(C)=O)C(C)=O
85,C[CH-][NH+]=CC(=O)OC
86,C=[NH+][C-](C#N)C(=O)OC
87,CNC(=O)[C-]([NH+]=CC#N)C(C)=O
88,N=[NH+][N-]c1ccccc1
89,[CH2-][O+]=C(C)C(C)=O
90,CNC(=O)C(=[NH+][N-]c1ccccc1)C(=O)NC
91,COC(=O)C(C#N)=[O+][C-](C#N)C(=O)OC
92,CC(=O)N=[NH+][O-]
93,CC(=O)C(=[O+][O-])c1ccccc1
94,CNC(=O)[CH-][NH+]=C(C)C(=O)OC
95,COC(=O)C(C)=[NH+][O-]
96,COC(=O)[C-](C#N)[O+]=C(C)C
97,COC(=O)C(C(=O)OC)=[N+](C)[C-](C)C
98,[CH2-][N+](C)=C(C(C)=O)c1ccccc1
99,CC=[N+](C)[C-](c1ccccc1)c1ccccc1
100,CNC(=O)C=[O+][C-](C(=O)NC)c1ccccc1
101,COC(=O)[C-](C(C)=O)[N+](C)=Cc1ccccc1
102,CNC(=O)N=[N+](C)[N-]C#N
103,CC(=O)C(C)=[O+][C-](C#N)C(C)=O
104,C[N-][N+](C)=C(C(=O)NC)C(=O)OC
105,CNC(=O)C(C#N)=[O+][CH-]C#N
106,CNC(=O)C(=[NH+][C-](c1ccccc1)c1ccccc1)C(=O)OC
107,CNC(=O)[CH-][NH+]=C(C(=O)NC)C(=O)NC
108,COC(=O)C(C(=O)OC)=[N+](C)[C-](C)c1ccccc1
109,COC(=O)[C-]([O+]=C(C#N)C#N)c1ccccc1
110,CC=[O+][C-](C)C
111,COC(=O)C(C(C)=O)=[N+](C)[N-]C(C)=O
112,CNC(=O)[CH-][O+]=CC(=O)OC
113,CNC(=O)[C-](C#N)[O+]=CC#N
114,CNC(=O)C=[NH+][C-](C(=O)NC)c1ccccc1
115,CC(=O)[C-]([NH+]=Cc1ccccc1)c1ccccc1
116,CC(=O)C(=[NH+][C-](C(C)=O)c1ccccc1)C(C)=O
117,CNC(=O)C(=[O+][C-](C(=O)NC)c1ccccc1)C(=O)OC
118,CC(=O)[C-]([O+]=C(C)C#N)c1ccccc1
119,CC(=O)C(=[NH+][C-](C(C)=O)c1ccccc1)C(C)=O
120,COC(=O)[N-][N+](C)=C(C(C)=O)c1ccccc1
121,CNC(=O)C(C#N)=[N+](C)[N-]C(=O)OC
122,COC(=O)C(C#N)=[O+][N-]C#N
123,CNC(=O)C(=[O+][N-]C(C)=O)c1ccccc1
124,CNC(=O)[N-][NH+]=C(C#N)C(=O)OC
125,CC(C)=[N+](C)[C-](C)C
126,CC(=O)N=[O+][NH-]
127,CNC(=O)C(c1ccccc1)=[N+](C)[C-](C#N)c1ccccc1
128,CC(=O)C(C#N)=[N+](C)[NH-]
129,CC(=O)C(C)=[O+][C-](C)C
130,CC(=O)C(C)=[N+](C)[C-](C)c1ccccc1
131,CNC(=O)[N-][N+](C)=CC(=O)OC
132,C=[N+](C)[N-]C
133,CNC(=O)C(C#N)=[N+](C)[CH-]C(=O)OC
134,COC(=O)C(C#N)=[O+][C-](C(=O)OC)C(=O)OC
135,CNC(=O)C(C)=[O+][CH-]C#N
136,COC(=O)C(C#N)=[NH+][C-](C(=O)OC)c1ccccc1
137,COC(=O)[C-]([NH+]=C(C)C(C)=O)C(=O)OC
138,CNC(=O)[C-](C(=O)OC)[N+](C)=C(C)C#N
139,COC(=O)[N-][NH+]=C(C#N)C(C)=O
140,C=[NH+][C-](C(C)=O)c1ccccc1
141,CNC(=O)C(C)=[N+](C)[C-](C)C#N
142,COC(=O)[C-](C)[O+]=C(C(C)=O)c1ccccc1
143,CC(=O)[C-]([NH+]=Cc1ccccc1)C(C)=O
144,CC=[NH+][CH-]C(C)=O
145,C[C-](C#N)[NH+]=Cc1ccccc1
146,CC(=O)C(C)=[O+][C-](C#N)C(C)=O
147,C[C-](C#N)[O+]=C(C#N)C#N
148,CNC(=O)[C-](C)[N+](C)=C(C#N)C(C)=O
149,CC(=O)C(C)=[O+][N-]c1ccccc1
150,CNC(=O)[C-]([O+]=C(C(=O)OC)C(=O)OC)C(C)=O
151,COC(=O)[C-](C)[N+](C)=CC(C)=O
152,CC(=O)C=[N+](C)[CH-]c1ccccc1
153,CNC(=O)C=[N+](C)[C-](C(C)=O)C(C)=O
154,COC(=O)C(C(=O)OC)=[N+](C)[CH-]C#N
155,COC(=O)C=[NH+][N-]C(C)=O
156,CNC(=O)C(=[O+][C-](c1ccccc1)c1ccccc1)C(C)=O
157,CNC(=O)[N-][NH+]=C(C(=O)NC)C(=O)NC
158,CNC(=O)C(=[O+][N-]c1ccccc1)C(=O)OC
159,CNC(=O)C(=[O+][C-](c1ccccc1)c1ccccc1)c1ccccc1
160,COC(=O)C(=[NH+][C-](C)C(=O)OC)C(C)=O
161,CC(=O)C(C(C)=O)=[N+](C)[O-]
162,CNC(=O)C(C)=[N+](C)[C-](C(C)=O)c1ccccc1
163,COC(=O)C(=[NH+][C-](C(C)=O)c1ccccc1)C(=O)OC
164,COC(=O)C=[N+](C)[N-]c1ccccc1
165,COC(=O)C(C#N)=[N+](C)[C-](C#N)C#N
166,CNC(=O)[CH-][N+](C)=Cc1ccccc1
167,C[CH-][O+]=C(C)C(=O)OC
168,CC(=O)C(c1ccccc1)=[N+](C)[CH-]c1ccccc1
169,COC(=O)C(C#N)=[NH+][O-]
170,CNC(=O)[C-](C(=O)NC)[N+](C)=C(C(C)=O)c1ccccc1
171,C=[N+](C)[C-](C(=O)OC)c1ccccc1
172,CNC(=O)C(C(C)=O)=[N+](C)[N-]c1ccccc1
173,CNC(=O)C(C#N)=[N+](C)[CH-]C#N
174,CNC(=O)C(C)=[O+][C-](C#N)C(=O)OC
175,CC(=O)C=[NH+][N-]c1ccccc1
176,CNC(=O)C(=[NH+][C-](C#N)c1ccccc1)C(C)=O
177,CNC(=O)C(C(=O)OC)=[N+](C)[C-](C)C(=O)OC
178,N#C[N-][NH+]=C(c1ccccc1)c1ccccc1
179,COC(=O)C(C(C)=O)=[N+](C)[C-](C(C)=O)C(=O)OC
180,CC(=O)[CH-][O+]=C(c1ccccc1)c1ccccc1
181,CNC(=O)N=[NH+][N-]C(=O)OC
182,CNC(=O)[C-](C)[O+]=CC(=O)OC
183,COC(=O)[C-]([O+]=C(C#N)C#N)C(C)=O
184,C[N-][O+]=CC(=O)NC
185,CNC(=O)C(=[NH+][C-](C(C)=O)C(C)=O)C(=O)OC
186,CNC(=O)C=[O+][C-](C(C)=O)C(C)=O
187,CNC(=O)C(C#N)=[NH+][CH-]C#N
188,CNC(=O)C(C#N)=[N+](C)[N-]C(=O)OC
189,[CH2-][O+]=C(C)C(=O)NC
190,N#CC=[NH+][CH-]c1ccccc1
191,[CH2-][NH+]=C(C(=O)NC)C(=O)NC
192,CNC(=O)C=[N+](C)[NH-]
193,CNC(=O)[N-][N+](C)=C(C#N)C(=O)NC
194,CC(=O)C(=[NH+][C-](C)C)c1ccccc1
195,CNC(=O)C=[N+](C)[C-](C)C(C)=O
196,CNC(=O)[C-](C)[O+]=C(C(=O)OC)c1ccccc1
197,CC(=O)C(=[NH+][C-](C#N)c1ccccc1)C(C)=O
198,CC(=O)C=[NH+][O-]
199,C[C-](C#N)[NH+]=Cc1ccccc1
200,COC(=O)C(C)=[O+][C-](C#N)C(=O)OC
201,CC(=O)[C-](C#N)[N+](C)=C(C)C
202,CNC(=O)C(=[NH+][C-](C(C)=O)C(=O)NC)C(=O)NC
203,CC(=[NH+][O-])c1ccccc1
204,CNC(=O)C(C#N)=[O+][C-](C#N)c1ccccc1
205,CNC(=O)C(=[NH+][N-]C(=O)OC)C(C)=O
206,C[N-][O+]=Cc1ccccc1
207,CC(=O)C(C#N)=[NH+][O-]
208,CNC(=O)C(C#N)=[NH+][C-](C#N)c1ccccc1
209,CNC(=O)[CH-][N+](C)=C(C)C(=O)NC
210,CNC(=O)[CH-][NH+]=CC(C)=O
211,CNC(=O)[C-]([O+]=C(C(C)=O)c1ccccc1)C(=O)NC
212,COC(=O)[C-](c1ccccc1)[N+](C)=C(C(C)=O)C(C)=O
213,COC(=O)C(=[O+][CH-]C(C)=O)c1ccccc1
214,CC(C#N)=[O+][C-](C#N)C#N
215,C=[N+](C)[C-](C(C)=O)C(C)=O
216,CNC(=O)C(C(C)=O)=[N+](C)[N-]C(C)=O
217,CNC(=O)[C-]([NH+]=C(C(=O)OC)c1ccccc1)c1ccccc1
218,CNC(=O)[C-]([O+]=C(C)c1ccccc1)C(=O)NC
219,CNC(=O)C(=[O+][C-](C#N)C#N)C(C)=O
220,CNC(=O)[C-](c1ccccc1)[N+](C)=C(C#N)c1ccccc1
221,C[N-][O+]=CC(=O)OC
222,N#CC(C#N)=[NH+][CH-]c1ccccc1
223,CC(=O)C(=[NH+][NH-])C(C)=O
224,COC(=O)C(=[O+][C-](C#N)C(=O)OC)C(C)=O
225,COC(=O)C(C#N)=[O+][C-](C(C)=O)c1ccccc1
226,CC(=O)[CH-][O+]=C(C#N)C#N
227,CNC(=O)C(=[O+][C-](C)C)C(=O)NC
228,N#CC(C#N)=[O+][N-]c1ccccc1
229,COC(=O)[CH-][NH+]=Cc1ccccc1
230,CC(=O)C(C)=[N+](C)[CH-]c1ccccc1
231,CNC(=O)[N-][O+]=C(C(=O)OC)C(=O)OC
232,CNC(=O)C(C(=O)NC)=[N+](C)[C-](C(=O)NC)c1ccccc1
233,COC(=O)[C-](C(=O)OC)[N+](C)=C(C)C
234,C[N+](=C(c1ccccc1)c1ccccc1)[C-](C#N)C#N
235,CNC(=O)[CH-][O+]=C(C)C(=O)NC
236,CNC(=O)C(=[NH+][C-](C)C#N)c1ccccc1
237,CNC(=O)[C-]([O+]=C(C)C)C(=O)NC
238,CC(=O)C=[NH+][NH-]
239,CNC(=O)[C-]([O+]=C(C)C#N)C(C)=O
240,C[N+](=Cc1ccccc1)[C-](c1ccccc1)c1ccccc1
241,CC=[O+][O-]
242,CNC(=O)[N-][N+](C)=C(C#N)C(=O)OC
243,CNC(=O)[C-](C)[NH+]=CC#N
244,CNC(=O)[C-]([O+]=C(C(C)=O)C(C)=O)C(C)=O
245,COC(=O)[C-](C#N)[NH+]=CC#N
246,CNC(=O)[C-]([O+]=C(C)C(C)=O)C(=O)OC
247,CC(=O)[C-](c1ccccc1)[N+](C)=Cc1ccccc1
248,CNC(=O)C(=[O+][C-](C)C(C)=O)C(C)=O
249,COC(=O)[N-][N+](C)=CC(C)=O
250,CNC(=O)N=[O+][N-]C(C)=O
251,C[C-]([O+]=Cc1ccccc1)c1ccccc1
252,CC(=O)[N-][O+]=NC#N
253,COC(=O)C=[O+][O-]
254,CNC(=O)C(=[O+][C-](C(C)=O)C(=O)NC)c1ccccc1
255,CC(=O)C(C)=[O+][C-](C)c1ccccc1
256,CC=[NH+][N-]C(C)=O
257,C=[NH+][C-](C(C)=O)c1ccccc1
258,CC(=O)[C-](C(C)=O)[N+](C)=CC#N
259,CC(c1ccccc1)=[N+](C)[O-]
260,C[CH-][N+](C)=C(C#N)C#N
261,CC(C#N)=[NH+][C-](C#N)C#N
262,CNC(=O)[C-]([O+]=C(C)C#N)C(C)=O
263,CNC(=O)[C-]([O+]=C(C(C)=O)c1ccccc1)C(=O)NC
264,C=[N+](C)[C-](C(=O)NC)c1ccccc1
265,CNC(=O)[C-]([NH+]=CC(=O)OC)C(=O)OC
266,[O-][NH+]=Nc1ccccc1
267,CNC(=O)[C-]([NH+]=C(c1ccccc1)c1ccccc1)C(=O)OC
268,CNC(=O)C(=[NH+][N-]c1ccccc1)C(=O)OC
269,COC(=O)N=[O+][N-]C(C)=O
270,C=[N+](C)[C-](C(C)=O)C(C)=O
271,COC(=O)C(C#N)=[N+](C)[CH-]c1ccccc1
272,CC(=O)[C-]([O+]=C(C#N)c1ccccc1)C(C)=O
273,CNC(=O)[C-]([NH+]=C(C(C)=O)C(=O)OC)C(=O)OC
274,COC(=O)C=[NH+][C-](C)C#N
275,CC(=O)[C-]([NH+]=C(C#N)C#N)C(C)=O
276,COC(=O)C=[N+](C)[C-](C(=O)OC)C(=O)OC
277,COC(=O)[C-](C)[NH+]=C(C#N)C(C)=O
278,CNC(=O)[C-]([NH+]=C(C(C)=O)C(C)=O)c1ccccc1
279,CNC(=O)[C-](C(=O)OC)[N+](C)=C(C)C#N
280,CNC(=O)C=[N+](C)[C-](C(=O)OC)c1ccccc1
281,C[N-][N+](C)=C(C#N)c1ccccc1
282,[CH2-][N+](C)=C(C(C)=O)C(=O)OC
283,CNC(=O)[C-]([O+]=C(c1ccccc1)c1ccccc1)C(=O)OC
284,CNC(=O)C(C#N)=[O+][C-](C)C(=O)NC
285,CNC(=O)[CH-][N+](C)=C(C(C)=O)C(=O)NC
286,CNC(=O)[C-](C(=O)OC)[N+](C)=C(C#N)C(C)=O
287,CC=[NH+][C-](C(C)=O)C(C)=O
288,CNC(=O)[C-](C)[NH+]=Cc1ccccc1
289,CNC(=O)[C-](C(C)=O)[N+](C)=CC(=O)OC
290,COC(=O)C(=[O+][N-]C(C)=O)C(C)=O
291,CNC(=O)C(=[NH+][C-](C)c1ccccc1)c1ccccc1
292,CNC(=O)C=[NH+][NH-]
293,COC(=O)C(C(C)=O)=[N+](C)[C-](C(C)=O)c1ccccc1
294,CNC(=O)C(=[O+][N-]C#N)c1ccccc1
295,COC(=O)C=[O+][NH-]
296,C[CH-][N+](C)=C(C)C#N
297,C[N+](=Nc1ccccc1)[N-]c1ccccc1
298,CC(=O)C(C#N)=[O+][C-](C#N)C(C)=O
299,C(=[O+][N-]c1ccccc1)c1ccccc1
300,CNC(=O)C(C(C)=O)=[N+](C)[C-](C)C(C)=O
301,COC(=O)C(C(=O)OC)=[N+](C)[NH-]
302,CNC(=O)[N-][NH+]=C(C)C(C)=O
303,CC=[NH+][C-](C(C)=O)C(C)=O
304,CNC(=O)[N-][N+](C)=C(C(C)=O)C(=O)OC
305,CNC(=O)[C-](C(=O)OC)[N+](C)=C(C)C#N
306,COC(=O)C(=[NH+][NH-])C(=O)OC
307,CNC(=O)C=[NH+][CH-]c1ccccc1
308,C[N+](=C(C#N)c1ccccc1)[C-](C#N)c1ccccc1
309,CNC(=O)C(c1ccccc1)=[N+](C)[C-](C(=O)OC)C(=O)OC
310,COC(=O)[C-](C#N)[N+](C)=C(C#N)C(C)=O
311,COC(=O)[C-]([O+]=C(C#N)C(C)=O)c1ccccc1
312,C[CH-][N+](C)=C(C(=O)NC)C(=O)OC
313,CC(=O)C(=[NH+][N-]C#N)C(C)=O
314,CNC(=O)[CH-][O+]=C(C)C(=O)NC
315,CNC(=O)C=[NH+][CH-]C#N
316,COC(=O)N=[N+](C)[N-]c1ccccc1
317,CC(=O)C(C)=[NH+][C-](C#N)C(C)=O
318,CNC(=O)C(C(=O)OC)=[N+](C)[C-](C#N)C(=O)NC
319,CNC(=O)[C-]([NH+]=C(C(C)=O)C(=O)OC)C(=O)NC
320,COC(=O)[C-]([NH+]=C(C)C)C(C)=O
321,C[N-][O+]=Cc1ccccc1
322,C[CH-][NH+]=Cc1ccccc1
323,CNC(=O)C(=[NH+][N-]C(=O)OC)C(=O)NC
324,[CH2-][N+](C)=C(C#N)c1ccccc1
325,CC(C)=[O+][C-](C)c1ccccc1
326,C[N-][NH+]=C(c1ccccc1)c1ccccc1
327,CC(=O)C(c1ccccc1)=[N+](C)[CH-]c1ccccc1
328,CC(c1ccccc1)=[N+](C)[C-](C)C
329,CC(=O)C(c1ccccc1)=[N+](C)[C-](C)C(C)=O
330,CNC(=O)[C-](C)[O+]=C(C)C(C)=O
331,C[N+](=CC#N)[CH-]c1ccccc1
332,C[N-][O+]=CC(=O)OC
333,COC(=O)C=[NH+][C-](C#N)C#N
334,CC(=O)N=[NH+][N-]C#N
335,CC(=O)C(C)=[O+][N-]C#N
336,CNC(=O)C(C(=O)OC)=[N+](C)[C-](C(C)=O)C(=O)NC
337,CC(=O)C(C)=[N+](C)[C-](C#N)C#N
338,CNC(=O)[N-][NH+]=C(C(=O)OC)C(=O)OC
339,CNC(=O)[C-](C#N)[N+](C)=C(C(=O)OC)C(=O)OC
340,CNC(=O)[C-](C#N)[N+](C)=CC(=O)OC
341,C[N-][N+](C)=C(C(C)=O)c1ccccc1
342,CC(=O)[CH-][N+](C)=C(C)c1ccccc1
343,CC(=O)[C-](C(C)=O)[N+](C)=CC#N
344,CNC(=O)C(c1ccccc1)=[N+](C)[C-](C(=O)OC)c1ccccc1
345,CC(=O)[C-](C)[N+](C)=Cc1ccccc1
346,CNC(=O)[C-](C(C)=O)[N+](C)=C(C#N)c1ccccc1
347,CNC(=O)C(C)=[NH+][C-](C(=O)NC)C(=O)NC
348,CC(C)=[N+](C)[NH-]
349,COC(=O)C(=[O+][C-](C)C)C(=O)OC
350,CNC(=O)C(C#N)=[NH+][N-]C(C)=O
351,CNC(=O)C=[N+](C)[C-](C(=O)NC)C(=O)NC
352,CNC(=O)C(C)=[O+][C-](C)C(C)=O
353,[CH2-][O+]=C(C#N)C(C)=O
354,CNC(=O)C(=[O+][C-](C#N)C(=O)NC)c1ccccc1
355,COC(=O)[N-][O+]=C(C(C)=O)C(C)=O
356,CNC(=O)C(C#N)=[N+](C)[N-]c1ccccc1
357,CNC(=O)[C-](C#N)[O+]=C(C#N)C(=O)OC
358,CC=[NH+][C-](C(=O)OC)C(=O)OC
359,CC=[O+][CH-]C(C)=O
360,CNC(=O)C(C#N)=[NH+][CH-]C(C)=O
361,CNC(=O)[CH-][NH+]=C(C#N)C(=O)NC
362,[CH2-][NH+]=C(C(C)=O)c1ccccc1
363,CNC(=O)C(C)=[O+][CH-]C(C)=O
364,CNC(=O)C(=[O+][N-]c1ccccc1)c1ccccc1
365,COC(=O)[N-][NH+]=NC#N
366,CNC(=O)C(C#N)=[O+][C-](C)C#N
367,COC(=O)[CH-][NH+]=C(c1ccccc1)c1ccccc1
368,COC(=O)C(=[O+][N-]c1ccccc1)c1ccccc1
369,CNC(=O)C(C#N)=[N+](C)[C-](c1ccccc1)c1ccccc1
370,CNC(=O)C(C(C)=O)=[N+](C)[C-](c1ccccc1)c1ccccc1
371,COC(=O)C(=[NH+][C-](C#N)C(=O)OC)C(=O)OC
372,C[N+](=CC#N)[CH-]c1ccccc1
373,CNC(=O)C(C(=O)OC)=[N+](C)[C-](C#N)C#N
374,CC(=O)C(=[O+][N-]C#N)C(C)=O
375,CNC(=O)[C-](C#N)[NH+]=C(C)C#N
376,COC(=O)[CH-][NH+]=C(C(C)=O)C(C)=O
377,CNC(=O)C(C(=O)OC)=[N+](C)[NH-]
378,CNC(=O)C(c1ccccc1)=[N+](C)[C-](C#N)C(=O)OC
379,C=[NH+][C-](C(C)=O)C(=O)OC
380,CC(C)=[O+][NH-]
381,C[N+]([N-]c1ccccc1)=C(C#N)C#N
382,COC(=O)C(=[O+][C-](C(=O)OC)C(=O)OC)C(=O)OC
383,COC(=O)[C-](C(C)=O)[N+](C)=C(c1ccccc1)c1ccccc1
384,CNC(=O)[C-](C#N)[NH+]=C(C#N)C(C)=O
385,C[N-][N+](C)=C(C#N)c1ccccc1
386,C[C-](C)[NH+]=C(C#N)C#N
387,CC=[N+](C)[NH-]
388,CNC(=O)C(C#N)=[O+][C-](c1ccccc1)c1ccccc1
389,CNC(=O)N=[NH+][N-]C(=O)OC
390,COC(=O)[N-][NH+]=C(C(C)=O)C(=O)OC
391,CNC(=O)C(=[O+][C-](C(C)=O)C(=O)OC)C(=O)NC
392,CNC(=O)[C-]([NH+]=C(C#N)C(=O)OC)C(C)=O
393,COC(=O)[CH-][O+]=C(C#N)C#N
394,COC(=O)C=[O+][CH-]C(=O)OC
395,CNC(=O)C(C(=O)NC)=[N+](C)[C-](C#N)c1ccccc1
396,CNC(=O)C(=[O+][C-](C)C(=O)OC)c1ccccc1
397,CC(=O)C(=[NH+][CH-]C#N)C(C)=O
398,CC(=O)C(C)=[N+](C)[N-]C#N
399,CC(=O)[N-][NH+]=C(c1ccccc1)c1ccccc1
400,COC(=O)C(C#N)=[NH+][N-]C#N
401,CC(=O)C=[O+][CH-]C(C)=O
402,[CH2-][NH+]=C(C(=O)NC)C(=O)NC
403,C[CH-][NH+]=C(C#N)C(C)=O
404,COC(=O)[C-]([NH+]=C(C)c1ccccc1)C(C)=O
405,CNC(=O)C(=[O+][O-])C(=O)OC
406,C[CH-][O+]=C(C(C)=O)c1ccccc1
407,COC(=O)C(C)=[N+](C)[O-]
408,CC(=O)C=[NH+][C-](C(C)=O)C(C)=O
409,CC(=O)C(C)=[N+](C)[N-]c1ccccc1
410,CC=[NH+][N-]C(=O)NC
411,COC(=O)C(C(C)=O)=[N+](C)[C-](C(=O)OC)c1ccccc1
412,CNC(=O)C=[NH+][C-](C(C)=O)C(=O)NC
413,CC(=O)[C-](C)[N+](C)=CC#N
414,CNC(=O)[C-]([O+]=C(C(C)=O)C(C)=O)c1ccccc1
415,COC(=O)C(c1ccccc1)=[N+](C)[CH-]C#N
416,C=[N+](C)[C-](C(=O)NC)C(=O)OC
417,CNC(=O)C(c1ccccc1)=[N+](C)[C-](C(=O)OC)c1ccccc1
418,COC(=O)C(=[NH+][C-](C)C#N)C(C)=O
419,CNC(=O)[C-](C)[NH+]=C(C(C)=O)c1ccccc1
420,COC(=O)[N-][O+]=C(C)C(C)=O
421,CC(=O)[C-](C)[NH+]=CC#N
422,C[CH-][NH+]=C(C#N)c1ccccc1
423,COC(=O)[C-]([O+]=C(C)C#N)C(C)=O
424,CC=[N+](C)[C-](C(C)=O)C(C)=O
425,CNC(=O)C(C#N)=[NH+][C-](C(=O)NC)C(=O)NC
426,COC(=O)[C-](C(C)=O)[N+](C)=CC#N
427,CNC(=O)[N-][O+]=C(C#N)C(=O)NC
428,COC(=O)C(C(C)=O)=[N+](C)[C-](C(=O)OC)C(=O)OC
429,CC=[NH+][N-]c1ccccc1
430,COC(=O)C(=[NH+][C-](C(=O)OC)c1ccccc1)C(C)=O
431,C=[O+][CH-]C(=O)OC
432,CNC(=O)C=[N+](C)[C-](C)c1ccccc1
433,COC(=O)[C-]([O+]=C(C)C(C)=O)C(=O)OC
434,CNC(=O)C(c1ccccc1)=[N+](C)[C-](C)C(=O)NC
435,C[C-]([NH+]=C(C#N)C#N)c1ccccc1
436,COC(=O)[CH-][O+]=CC#N
437,COC(=O)[C-](C#N)[N+](C)=CC(C)=O
438,COC(=O)C=[N+](C)[C-](C(C)=O)C(C)=O
439,COC(=O)[C-](C#N)[O+]=C(C#N)C#N
440,CC(=O)[C-](C)[NH+]=CC#N
441,N#CC(=[O+][C-](c1ccccc1)c1ccccc1)c1ccccc1
442,CNC(=O)[N-][N+](C)=NC(C)=O
443,CNC(=O)[C-]([O+]=CC(C)=O)c1ccccc1
444,COC(=O)C(=[O+][C-](C#N)C(C)=O)C(C)=O
445,CNC(=O)[C-]([O+]=C(c1ccccc1)c1ccccc1)C(=O)NC
446,CNC(=O)[C-]([O+]=C(C)C#N)C(=O)OC
447,COC(=O)C(C#N)=[N+](C)[N-]C(C)=O
448,CNC(=O)[C-]([NH+]=C(C#N)C(=O)OC)C(=O)NC
449,CNC(=O)[N-][NH+]=CC(=O)OC
450,[CH2-][O+]=CC
451,CNC(=O)[C-]([NH+]=CC(C)=O)c1ccccc1
452,CNC(=O)N=[N+](C)[O-]
453,COC(=O)[C-](C)[N+](C)=C(C)C
454,C[N-][N+](C)=CC(C)=O
455,COC(=O)C(C#N)=[O+][C-](C#N)C(C)=O
456,N#C[C-](C#N)[NH+]=Cc1ccccc1
457,CNC(=O)C(C#N)=[NH+][C-](C(=O)NC)C(=O)OC
458,COC(=O)[C-](C)[O+]=C(C)C(C)=O
459,C[C-](C)[NH+]=Cc1ccccc1
460,CNC(=O)C(C#N)=[NH+][C-](C(=O)NC)C(=O)OC
461,CC(=O)[C-](C)[NH+]=C(C)c1ccccc1
462,CC(=O)C(C#N)=[N+](C)[O-]
463,CNC(=O)C=[NH+][C-](C)C
464,C[CH-][NH+]=C(C(C)=O)c1ccccc1
465,CNC(=O)C=[NH+][CH-]C(=O)NC
466,CC(=O)C(C#N)=[NH+][C-](C)C(C)=O
467,CC(=O)C(C#N)=[O+][C-](C#N)C#N
468,CC(=O)C=[NH+][C-](C)c1ccccc1
469,CNC(=O)[N-][NH+]=C(C(C)=O)C(=O)OC
470,CC(=[NH+][C-](C#N)C#N)c1ccccc1
471,C(=[O+][N-]c1ccccc1)c1ccccc1
472,COC(=O)[C-](C(C)=O)[N+](C)=C(C(C)=O)c1ccccc1
473,COC(=O)C(=[NH+][C-](C(=O)OC)C(=O)OC)C(=O)OC
474,CNC(=O)[C-](C(=O)OC)[N+](C)=C(C#N)c1ccccc1
475,COC(=O)C(=[O+][CH-]C#N)c1ccccc1
476,CNC(=O)C(C)=[NH+][C-](C(=O)OC)C(=O)OC
477,COC(=O)C(C(C)=O)=[N+](C)[C-](C(C)=O)C(=O)OC
478,CNC(=O)[C-](C(C)=O)[N+](C)=CC#N
479,CNC(=O)C(=[O+][C-](C(=O)NC)C(=O)OC)c1ccccc1
480,COC(=O)[C-](C)[O+]=C(C#N)c1ccccc1
481,CNC(=O)[CH-][N+](C)=C(C(C)=O)C(=O)OC
482,CNC(=O)C=[NH+][C-](C#N)C(=O)NC
483,N#CC(C#N)=[NH+][C-](c1ccccc1)c1ccccc1
484,CNC(=O)[CH-][NH+]=C(C(C)=O)c1ccccc1
485,CNC(=O)C(C)=[NH+][C-](C(=O)NC)c1ccccc1
486,CNC(=O)C(C#N)=[N+](C)[C-](C#N)C(C)=O
487,CNC(=O)C(=[NH+][C-](c1ccccc1)c1ccccc1)c1ccccc1
488,CNC(=O)C(C#N)=[O+][CH-]c1ccccc1
489,CC(=O)C(c1ccccc1)=[N+](C)[C-](C#N)c1ccccc1
490,CC(=O)C(C)=[O+][C-](C)C
491,COC(=O)[C-](C#N)[NH+]=C(C#N)c1ccccc1
492,CNC(=O)C(c1ccccc1)=[N+](C)[CH-]C(=O)OC
493,CNC(=O)C=[NH+][NH-]
494,C[N+](=C(c1ccccc1)c1ccccc1)[C-](c1ccccc1)c1ccccc1
495,C[N-][O+]=C(C(C)=O)c1ccccc1
496,CC(C)=[N+](C)[CH-]C#N
497,COC(=O)C=[N+](C)[C-](C(=O)OC)c1ccccc1
498,CC(=O)C=[NH+][C-](C(C)=O)C(C)=O
499,CNC(=O)C(C(=O)OC)=[N+](C)[CH-]C(=O)OC
500,CC(=O)C(=[NH+][O-])C(C)=O
501,CNC(=O)[C-](C(=O)OC)[N+](C)=C(C(C)=O)c1ccccc1
502,C[N-][NH+]=C(C(=O)OC)C(=O)OC
503,CNC(=O)C(=[O+][C-](C(=O)NC)c1ccccc1)C(=O)NC
504,COC(=O)[C-](C)[O+]=C(c1ccccc1)c1ccccc1
505,COC(=O)C=[O+][CH-]C#N
506,C[N-][O+]=C(C)C
507,CNC(=O)[C-](C#N)[N+](C)=CC(C)=O
508,CC(=O)C(C#N)=[NH+][C-](C#N)C#N
509,CNC(=O)C(C#N)=[N+](C)[O-]
510,COC(=O)[N-][O+]=C(C)C
511,COC(=O)C(=[NH+][C-](C(C)=O)C(=O)OC)c1ccccc1
512,CNC(=O)[C-](C(C)=O)[N+](C)=C(C(C)=O)c1ccccc1
513,C[N+]([CH-]C#N)=C(C#N)c1ccccc1
514,CNC(=O)C=[O+][C-](C#N)C(=O)NC
515,CC(=O)C(C)=[O+][C-](C)C#N
516,CNC(=O)[N-][O+]=C(C(=O)NC)C(=O)OC
517,CC(=O)[C-](C#N)[O+]=C(C#N)c1ccccc1
518,COC(=O)C(=[NH+][CH-]C(C)=O)C(=O)OC
519,CNC(=O)C(c1ccccc1)=[N+](C)[C-](C)C(=O)OC
520,COC(=O)C(C)=[O+][O-]
521,COC(=O)C(c1ccccc1)=[N+](C)[N-]C(C)=O
522,CC(=O)C(C#N)=[O+][O-]
523,CC(=O)[C-](C)[O+]=C(C#N)C#N
524,CNC(=O)[C-]([NH+]=C(C)c1ccccc1)C(=O)OC
525,C[N+](=Cc1ccccc1)[C-](C#N)C#N
526,CNC(=O)C(C)=[O+][O-]
527,CNC(=O)[C-]([O+]=C(C)C#N)C(C)=O
528,C[C-](C)[NH+]=Cc1ccccc1
529,CC(=O)C=[NH+][CH-]C(C)=O
530,CC(=O)C(C)=[NH+][C-](C(C)=O)c1ccccc1
531,CNC(=O)C(=[NH+][C-](C)C(C)=O)C(=O)OC
532,C=[O+][CH-]C(=O)NC
533,C[N+](=CC#N)[C-](c1ccccc1)c1ccccc1
534,COC(=O)[N-][NH+]=C(C)c1ccccc1
535,CC(=O)C=[O+][N-]c1ccccc1
536,N#CC(=[O+][C-](C#N)C#N)c1ccccc1
537,CNC(=O)C(C#N)=[N+](C)[C-](C(=O)OC)c1ccccc1
538,CC(=O)C(C(C)=O)=[N+](C)[C-](C)C
539,COC(=O)[C-]([O+]=C(C#N)C(C)=O)c1ccccc1
540,COC(=O)C(C(C)=O)=[N+](C)[C-](C(C)=O)c1ccccc1
541,COC(=O)C(C#N)=[O+][CH-]c1ccccc1
542,CNC(=O)C(C#N)=[NH+][C-](C(C)=O)c1ccccc1
543,CNC(=O)C(=[O+][C-](C)C(=O)OC)c1ccccc1
544,CNC(=O)[C-]([NH+]=CC(=O)OC)C(=O)NC
545,COC(=O)C(=[NH+][NH-])C(C)=O
546,CNC(=O)C(=[NH+][CH-]C(C)=O)C(=O)OC
547,CNC(=O)N=[N+](C)[O-]
548,C[C-](c1ccccc1)[N+](C)=C(C#N)c1ccccc1
549,COC(=O)C(=[O+][C-](C(C)=O)C(C)=O)C(=O)OC
550,C=[N+](C)[C-](C#N)C(=O)OC
551,CNC(=O)[C-](c1ccccc1)[N+](C)=C(c1ccccc1)c1ccccc1
552,CNC(=O)[C-](C#N)[O+]=CC#N
553,CNC(=O)[C-](C)[N+](C)=C(C)c1ccccc1
554,CNC(=O)C(C#N)=[N+](C)[C-](C)c1ccccc1
555,C[N-][NH+]=CC(=O)NC
556,CNC(=O)[C-](c1ccccc1)[N+](C)=C(C)C
557,COC(=O)C(=[O+][C-](C)C(=O)OC)C(=O)OC
558,CNC(=O)[C-]([O+]=C(C(=O)OC)C(=O)OC)C(C)=O
559,COC(=O)C=[N+](C)[C-](C(C)=O)C(C)=O
560,COC(=O)[CH-][N+](C)=C(C)c1ccccc1
561,CNC(=O)C(=[O+][C-](C(=O)OC)c1ccccc1)c1ccccc1
562,CC(=O)C(=[O+][C-](C)C)c1ccccc1
563,C[CH-][NH+]=C(C)C
564,COC(=O)C(=[O+][N-]C#N)C(C)=O
565,CNC(=O)[N-][O+]=C(C(=O)OC)C(=O)OC
566,CNC(=O)C(=[NH+][C-](C#N)C(=O)OC)C(=O)OC
567,[CH2-][NH+]=C(C)C#N
568,CNC(=O)C(=[O+][C-](C(C)=O)C(C)=O)C(C)=O
569,C[CH-][O+]=C(C(=O)NC)C(=O)OC
570,N#C[N-][NH+]=Nc1ccccc1
571,CNC(=O)C(=[NH+][O-])C(C)=O
572,CC(C#N)=[N+](C)[N-]c1ccccc1
573,CNC(=O)[C-](C)[NH+]=C(C#N)C(C)=O
574,CC(=O)[N-][O+]=NC#N
575,CNC(=O)[C-]([O+]=CC#N)C(=O)NC
576,COC(=O)[C-](C#N)[O+]=C(C)c1ccccc1
577,CNC(=O)C(=[O+][C-](C)C#N)C(C)=O
578,COC(=O)C(C(C)=O)=[N+](C)[C-](C(C)=O)c1ccccc1
579,CC(=O)[C-]([NH+]=CC#N)c1ccccc1
580,CNC(=O)[C-](C#N)[N+](C)=C(C(=O)OC)c1ccccc1
581,CC(=O)[C-](C)[O+]=C(c1ccccc1)c1ccccc1
582,COC(=O)C(=[O+][C-](C#N)C#N)C(=O)OC
583,CNC(=O)C=[O+][N-]C(=O)NC
584,c1ccc([N-][NH+]=C(c2ccccc2)c2ccccc2)cc1
585,[CH2-][N+](C)=C(C#N)c1ccccc1
586,C[N-][NH+]=C(C(=O)NC)C(=O)OC
587,COC(=O)[C-](C#N)[O+]=CC(C)=O
588,CC(=O)C=[NH+][CH-]C#N
589,CNC(=O)[CH-][N+](C)=C(C(C)=O)C(=O)NC
590,CC(C#N)=[N+](C)[CH-]c1ccccc1
591,CC(C)=[NH+][O-]
592,COC(=O)[C-](C(C)=O)[N+](C)=C(c1ccccc1)c1ccccc1
593,COC(=O)C(=[NH+][CH-]C#N)c1ccccc1
594,CNC(=O)C=[NH+][CH-]C#N
595,CNC(=O)[C-](C#N)[N+](C)=C(C)C(=O)OC
596,CC(C#N)=[N+](C)[C-](C#N)C#N
597,CN=[N+](C)[N-]C(=O)OC
598,C=[N+](C)[C-](c1ccccc1)c1ccccc1
599,COC(=O)C=[O+][C-](C#N)C#N
600,CC=[O+][N-]c1ccccc1
601,CC(=O)C=[N+](C)[C-](C)c1ccccc1
602,CNC(=O)C(=[O+][C-](C(=O)OC)C(=O)OC)C(=O)OC
603,CNC(=O)[CH-][N+](C)=C(C)c1ccccc1
604,C=[NH+][CH-]C
605,CNC(=O)C(C)=[O+][C-](C(=O)OC)C(=O)OC
606,COC(=O)C(C)=[O+][C-](C)c1ccccc1
607,C[C-](c1ccccc1)[N+](C)=C(C#N)c1ccccc1
608,CC=[N+](C)[C-](C(C)=O)C(=O)OC
609,COC(=O)C(C(C)=O)=[N+](C)[N-]c1ccccc1
610,CNC(=O)C(c1ccccc1)=[N+](C)[C-](C)C
611,CNC(=O)[C-](C#N)[N+](C)=C(C)C(C)=O
612,CNC(=O)C=[N+](C)[C-](C#N)C(C)=O
613,CC=[NH+][C-](C#N)C#N
614,COC(=O)C(c1ccccc1)=[N+](C)[C-](c1ccccc1)c1ccccc1
615,CC(=O)[CH-][O+]=C(C)C
616,C[CH-][O+]=C(C(C)=O)C(=O)OC
617,CC(=O)C=[O+][C-](C)C#N
618,CNC(=O)C(=[O+][C-](c1ccccc1)c1ccccc1)c1ccccc1
619,CNC(=O)[N-][O+]=C(C(=O)NC)C(=O)NC
620,CNC(=O)C(=[O+][O-])c1ccccc1
621,CC(=O)C(C)=[N+](C)[C-](C(C)=O)c1ccccc1
622,CC(C)=[N+](C)[C-](C#N)c1ccccc1
623,C=[N+](C)[N-]C(C)=O
624,C[CH-][N+](C)=C(C(C)=O)c1ccccc1
625,COC(=O)[N-][NH+]=C(C#N)c1ccccc1
626,CC(=O)C(C#N)=[NH+][C-](C#N)c1ccccc1
627,CC(=O)C=[O+][C-](C(C)=O)c1ccccc1
628,COC(=O)C(=[NH+][N-]c1ccccc1)c1ccccc1
629,CC(=O)C(C(C)=O)=[N+](C)[C-](c1ccccc1)c1ccccc1
630,C[C-](C#N)[O+]=CC#N
631,COC(=O)C(C#N)=[N+](C)[C-](C(=O)OC)c1ccccc1
632,CNC(=O)C(C)=[NH+][C-](C(=O)NC)C(=O)OC
633,CNC(=O)C(C#N)=[N+](C)[N-]C#N
634,CNC(=O)C(=[NH+][C-](C#N)C#N)C(C)=O
635,COC(=O)C=[NH+][C-](C)C
636,CNC(=O)C(C#N)=[NH+][C-](C#N)C#N
637,COC(=O)C(=[O+][N-]c1ccccc1)c1ccccc1
638,CC(=O)C=[N+](C)[N-]C#N
639,CNC(=O)C(C#N)=[NH+][C-](C(=O)OC)c1ccccc1
640,N#C[C-]([O+]=Cc1ccccc1)c1ccccc1
641,CNC(=O)C(C)=[NH+][O-]
642,CC=[O+][C-](C(C)=O)c1ccccc1
643,CNC(=O)C=[NH+][N-]C(C)=O
644,COC(=O)N=[O+][N-]c1ccccc1
645,CNC(=O)C(C)=[NH+][C-](C)C#N
646,COC(=O)C(C(=O)OC)=[N+](C)[CH-]C#N
647,CNC(=O)C(C)=[NH+][C-](C#N)C(C)=O
648,CC(=[O+][N-]C#N)c1ccccc1
649,CC(=O)C(C#N)=[N+](C)[C-](C#N)c1ccccc1
650,C[C-](C)[O+]=CC#N
651,COC(=O)C(C(C)=O)=[N+](C)[C-](C)C#N
652,CNC(=O)[C-]([O+]=C(C(=O)OC)c1ccccc1)C(=O)NC
653,CNC(=O)C(C)=[NH+][CH-]C#N
654,[CH2-][NH+]=C(C)C(C)=O
655,COC(=O)C(=[NH+][C-](C(C)=O)C(=O)OC)c1ccccc1
656,CC=[N+](C)[C-](C(C)=O)C(C)=O
657,COC(=O)C=[NH+][N-]c1ccccc1
658,COC(=O)C(=[NH+][CH-]c1ccccc1)C(=O)OC
659,COC(=O)[N-][O+]=Nc1ccccc1
660,CC=[N+](C)[CH-]C
661,COC(=O)C(C(=O)OC)=[N+](C)[CH-]C#N
662,CNC(=O)C(C)=[NH+][CH-]C(C)=O
663,CC(C#N)=[N+](C)[CH-]c1ccccc1
664,CNC(=O)C=[NH+][CH-]C#N
665,C[C-](C)[NH+]=C(c1ccccc1)c1ccccc1
666,CNC(=O)C(=[NH+][O-])C(=O)OC
667,COC(=O)C(=[NH+][C-](C(C)=O)C(C)=O)C(C)=O
668,CNC(=O)C(C#N)=[N+](C)[C-](C(C)=O)C(=O)NC
669,COC(=O)C(c1ccccc1)=[N+](C)[C-](C(C)=O)C(C)=O
670,CNC(=O)[C-](C)[N+](C)=C(C)C
671,CC(=O)[CH-][N+](C)=C(C(C)=O)c1ccccc1
672,CNC(=O)[C-](c1ccccc1)[N+](C)=C(C)C
673,CNC(=O)C=[N+](C)[C-](C)C(=O)OC
674,CN=[O+][N-]C(=O)NC
675,CNC(=O)N=[NH+][N-]C(=O)OC
676,CNC(=O)[C-](C(=O)NC)[N+](C)=C(C(C)=O)C(C)=O
677,COC(=O)C(c1ccccc1)=[N+](C)[C-](C#N)C(C)=O
678,COC(=O)C=[N+](C)[C-](C#N)C(=O)OC
679,C[CH-][O+]=C(C(C)=O)c1ccccc1
680,CNC(=O)C(C#N)=[N+](C)[CH-]C#N
681,CNC(=O)[CH-][O+]=C(C#N)C(=O)NC
682,N#C[CH-][NH+]=C(C#N)c1ccccc1
683,CNC(=O)C(=[NH+][C-](C)C(C)=O)C(=O)NC
684,COC(=O)C(C#N)=[O+][C-](C)C
685,[NH-][NH+]=Cc1ccccc1
686,COC(=O)C(C)=[N+](C)[C-](C#N)C(C)=O
687,CC(=O)[CH-][NH+]=C(C#N)c1ccccc1
688,CNC(=O)N=[O+][N-]C(=O)OC
689,C=[NH+][C-](C(=O)NC)C(=O)NC
690,COC(=O)N=[N+](C)[N-]C#N
691,CC(C#N)=[NH+][C-](C)C#N
692,CNC(=O)C(C(=O)NC)=[N+](C)[N-]C(=O)OC
693,COC(=O)C(=[NH+][NH-])C(=O)OC
694,CN=[O+][N-]C
695,CNC(=O)[C-]([O+]=C(C)C)C(C)=O
696,[CH2-][O+]=C(C)C
697,COC(=O)[CH-][NH+]=C(C#N)C(C)=O
698,CNC(=O)[C-](C#N)[NH+]=CC(C)=O
699,COC(=O)N=[NH+][N-]C(=O)OC
700,CNC(=O)[C-](C(=O)NC)[N+](C)=CC#N
701,COC(=O)C=[NH+][NH-]
702,COC(=O)C(C#N)=[NH+][C-](c1ccccc1)c1ccccc1
703,CNC(=O)C(=[NH+][C-](C(=O)NC)c1ccccc1)c1ccccc1
704,CNC(=O)C(=[NH+][CH-]C(=O)OC)C(=O)NC
705,COC(=O)C(=[NH+][N-]C#N)c1ccccc1
706,CNC(=O)[C-]([O+]=C(C#N)c1ccccc1)c1ccccc1
707,COC(=O)[CH-][O+]=C(C#N)c1ccccc1
708,CC(=O)C(C#N)=[N+](C)[O-]
709,CC(=[NH+][C-](C#N)C#N)c1ccccc1
710,CNC(=O)C(=[NH+][C-](C(=O)OC)c1ccccc1)C(=O)NC
711,COC(=O)C(=[NH+][N-]c1ccccc1)C(=O)OC
712,CNC(=O)[C-](C(=O)NC)[N+](C)=C(C(C)=O)c1ccccc1
713,C[CH-][NH+]=C(c1ccccc1)c1ccccc1
714,COC(=O)[C-](C)[O+]=C(c1ccccc1)c1ccccc1
715,CNC(=O)C(C)=[NH+][C-](C)C(=O)OC
716,CC(=O)C(C#N)=[NH+][CH-]C#N
717,COC(=O)[N-][O+]=NC#N
718,CC(=O)C=[O+][C-](C)C(C)=O
719,CC(c1ccccc1)=[N+](C)[C-](C#N)C#N
720,CC(=O)[N-][N+](C)=C(c1ccccc1)c1ccccc1
721,CNC(=O)[N-][N+](C)=C(C)c1ccccc1
722,COC(=O)C=[O+][C-](C(=O)OC)c1ccccc1
723,CNC(=O)C=[N+](C)[O-]
724,CNC(=O)C(C(C)=O)=[N+](C)[C-](C)C(=O)NC
725,COC(=O)C(C(C)=O)=[N+](C)[CH-]C(C)=O
726,COC(=O)[CH-][O+]=C(C)C#N
727,[CH2-][N+](C)=Cc1ccccc1
728,COC(=O)C(C#N)=[NH+][C-](C(=O)OC)c1ccccc1
729,CNC(=O)C(C#N)=[O+][C-](C(=O)OC)c1ccccc1
730,COC(=O)C(=[NH+][C-](C(=O)OC)c1ccccc1)C(=O)OC
731,COC(=O)C=[N+](C)[N-]C(C)=O
732,COC(=O)C(C#N)=[NH+][C-](C(C)=O)C(C)=O
733,COC(=O)C(C(=O)OC)=[N+](C)[CH-]C(C)=O
734,CNC(=O)C(=[O+][C-](C)C(=O)NC)C(C)=O
735,CC=[N+](C)[C-](C#N)C(=O)NC
736,CNC(=O)C(=[O+][N-]C#N)c1ccccc1
737,COC(=O)C(=[NH+][C-](C(C)=O)C(=O)OC)c1ccccc1
738,COC(=O)[C-](C)[N+](C)=CC#N
739,COC(=O)C(C)=[NH+][C-](C)c1ccccc1
740,COC(=O)C=[N+](C)[C-](C#N)c1ccccc1
741,CC(=O)[C-](C(C)=O)[N+](C)=C(C#N)C#N
742,CC(C)=[O+][C-](C#N)C#N
743,CNC(=O)C(=[NH+][C-](C)C#N)C(=O)OC
744,CC(=O)[N-][O+]=NC#N
745,CC(C#N)=[N+](C)[C-](C#N)C#N
746,CNC(=O)[CH-][O+]=Cc1ccccc1
747,CNC(=O)C(C)=[N+](C)[CH-]C(=O)OC
748,CNC(=O)C(=[NH+][C-](C(=O)OC)c1ccccc1)C(=O)OC
749,C[N+]([CH-]C#N)=C(c1ccccc1)c1ccccc1
750,C[C-](C#N)[O+]=C(C#N)C#N
751,COC(=O)[C-](C#N)[O+]=C(C)C
752,[CH2-][N+](C)=C(C(=O)OC)C(=O)OC
753,CC(C)=[O+][C-](C)C#N
754,COC(=O)C=[N+](C)[CH-]C(C)=O
755,N#C[N-][O+]=C(C#N)c1ccccc1
756,CNC(=O)C(=[NH+][C-](C(=O)OC)c1ccccc1)C(=O)OC
757,CNC(=O)C(C)=[O+][C-](C#N)C#N
758,COC(=O)C(=[NH+][C-](C)C)C(=O)OC
759,CNC(=O)N=[N+](C)[N-]C(C)=O
760,COC(=O)C(c1ccccc1)=[N+](C)[C-](C)C(C)=O
761,COC(=O)[C-]([O+]=C(c1ccccc1)c1ccccc1)C(C)=O
762,CC(C)=[NH+][CH-]c1ccccc1
763,COC(=O)[CH-][N+](C)=C(C(C)=O)c1ccccc1
764,C=[NH+][CH-]C(=O)OC
765,CNC(=O)[C-](C)[NH+]=C(C)c1ccccc1
766,COC(=O)C(C)=[NH+][N-]C(C)=O
767,COC(=O)C(C)=[NH+][C-](C#N)C(C)=O
768,C[C-](C#N)[N+](C)=C(C#N)c1ccccc1
769,C[N-][NH+]=NC(=O)OC
770,[CH2-][NH+]=C(C(C)=O)C(=O)NC
771,COC(=O)[C-](C#N)[NH+]=C(C#N)C#N
772,CC(=O)[CH-][N+](C)=C(C)C(C)=O
773,CC(C#N)=[N+](C)[N-]C#N
774,C[N+](=CC#N)[C-](C#N)c1ccccc1
775,CNC(=O)[C-]([O+]=C(C)C(=O)OC)C(C)=O
776,COC(=O)[N-][N+](C)=C(C#N)c1ccccc1
777,COC(=O)C=[NH+][C-](C(C)=O)c1ccccc1
778,CC(=O)C(=[NH+][N-]c1ccccc1)c1ccccc1
779,COC(=O)C(=[O+][C-](C)C#N)C(=O)OC
780,COC(=O)C=[NH+][C-](C)C
781,CNC(=O)C(C#N)=[NH+][C-](C(=O)NC)C(=O)NC
782,N#C[N-][NH+]=C(c1ccccc1)c1ccccc1
783,CNC(=O)[C-](C)[NH+]=C(C#N)C(C)=O
784,CC(=O)C=[O+][C-](C#N)C(C)=O
785,COC(=O)C(C(C)=O)=[N+](C)[C-](C)c1ccccc1
786,C[CH-][NH+]=C(C)C
787,CC=[NH+][C-](C)C#N
788,[CH2-][NH+]=CC(=O)OC
789,CNC(=O)C(C#N)=[N+](C)[C-](C(=O)NC)C(=O)OC
790,CNC(=O)[C-](C#N)[NH+]=C(C)C#N
791,CC=[NH+][C-](C)C(=O)NC
792,C[N-][NH+]=C(C(=O)NC)C(=O)OC
793,C=[NH+][CH-]C
794,CNC(=O)C=[O+][C-](c1ccccc1)c1ccccc1
795,CNC(=O)[C-](C)[O+]=CC(C)=O
796,C[N-][NH+]=C(C#N)C#N
797,COC(=O)C(=[O+][C-](C#N)C(C)=O)C(C)=O
798,c1ccc(C(=[O+][C-](c2ccccc2)c2ccccc2)c2ccccc2)cc1
799,CC(=O)C=[NH+][C-](C(C)=O)C(C)=O
800,COC(=O)N=[NH+][N-]c1ccccc1
801,COC(=O)C(=[O+][CH-]C(C)=O)C(C)=O
802,CNC(=O)[C-]([O+]=C(C(C)=O)C(=O)OC)C(=O)NC
803,CC(=O)C(C#N)=[O+][C-](C(C)=O)C(C)=O
804,CNC(=O)C(=[O+][CH-]C(C)=O)c1ccccc1
805,COC(=O)C=[O+][N-]C#N
806,COC(=O)C(=[NH+][N-]C#N)C(C)=O
807,CNC(=O)[CH-][O+]=C(C)C
808,CNC(=O)C(=[NH+][C-](C#N)C(=O)OC)c1ccccc1
809,CC(=O)N=[NH+][N-]c1ccccc1
810,CNC(=O)C(C#N)=[O+][C-](C(=O)NC)C(=O)OC
811,CNC(=O)C=[N+](C)[C-](C#N)c1ccccc1
812,CC(C#N)=[O+][O-]
813,CNC(=O)C(=[NH+][CH-]C#N)C(C)=O
814,CC(=O)[CH-][N+](C)=CC#N
815,CNC(=O)C(c1ccccc1)=[N+](C)[CH-]c1ccccc1
816,CC=[N+](C)[C-](C#N)C(=O)NC
817,CC(=O)C=[N+](C)[C-](C#N)c1ccccc1
818,COC(=O)[C-]([O+]=C(c1ccccc1)c1ccccc1)C(C)=O
819,COC(=O)C(C#N)=[O+][N-]c1ccccc1
820,COC(=O)[C-](C(C)=O)[N+](C)=C(C(C)=O)c1ccccc1
821,C[N-][O+]=C(C(=O)OC)c1ccccc1
822,CC(=O)C(=[NH+][C-](C#N)c1ccccc1)C(C)=O
823,CNC(=O)[C-](C#N)[N+](C)=C(C(C)=O)C(=O)OC
824,COC(=O)C=[NH+][CH-]C(C)=O
825,COC(=O)C(=[NH+][CH-]C(C)=O)C(C)=O
826,CC(=O)[C-]([NH+]=C(C)C#N)C(C)=O
827,CNC(=O)[CH-][O+]=C(C)C(=O)NC
828,CNC(=O)C(=[O+][C-](C#N)C(=O)OC)C(C)=O
829,CNC(=O)[N-][O+]=Nc1ccccc1
830,[CH2-][N+](C)=C(C(C)=O)c1ccccc1
831,CC(C#N)=[NH+][N-]c1ccccc1
832,COC(=O)[N-][NH+]=N
833,CNC(=O)C(=[O+][CH-]C#N)c1ccccc1
834,COC(=O)[CH-][O+]=C(C(C)=O)c1ccccc1
835,CNC(=O)C(=[O+][C-](C(C)=O)C(C)=O)c1ccccc1
836,CNC(=O)C=[N+](C)[CH-]C(=O)NC
837,CC(=O)C(=[O+][NH-])c1ccccc1
838,CNC(=O)[N-][NH+]=C(C(=O)NC)C(=O)OC
839,CNC(=O)C(C#N)=[NH+][CH-]c1ccccc1
840,CC(=O)[CH-][N+](C)=C(C#N)C#N
841,CC(=O)[CH-][N+](C)=Cc1ccccc1
842,CNC(=O)[C-]([NH+]=C(C#N)C(=O)OC)C(=O)NC
843,CNC(=O)[C-]([O+]=C(C#N)C(C)=O)C(=O)NC
844,CC(=O)[C-](C#N)[O+]=C(C#N)C#N
845,COC(=O)C(C)=[O+][C-](C(C)=O)c1ccccc1
846,CNC(=O)C(=[O+][N-]C#N)C(=O)NC
847,CC(=O)[N-][O+]=C(c1ccccc1)c1ccccc1
848,CC(C#N)=[N+](C)[C-](C)C
849,COC(=O)C(c1ccccc1)=[N+](C)[C-](C)C(C)=O
850,C=[N+](C)[C-](C#N)C(=O)NC
851,CNC(=O)C=[NH+][C-](C)C(=O)OC
852,CNC(=O)C=[N+](C)[C-](C(=O)NC)C(=O)OC
853,[CH2-][N+](C)=C(C(C)=O)C(=O)NC
854,[O-][NH+]=C(c1ccccc1)c1ccccc1
855,CC(=O)[C-](C#N)[N+](C)=Cc1ccccc1
856,CNC(=O)[N-][N+](C)=C(C(C)=O)c1ccccc1
857,CNC(=O)C(=[NH+][N-]c1ccccc1)c1ccccc1
858,COC(=O)[C-](C#N)[N+](C)=C(C#N)C#N
859,CC(C#N)=[O+][N-]c1ccccc1
860,CC(=O)C(=[O+][C-](c1ccccc1)c1ccccc1)C(C)=O
861,COC(=O)[CH-][N+](C)=C(C#N)C#N
862,COC(=O)[C-](C#N)[N+](C)=C(C)C
863,COC(=O)C(C(=O)OC)=[N+](C)[O-]
864,CC(=[O+][NH-])c1ccccc1
865,CNC(=O)C(=[O+][C-](C#N)C(=O)OC)C(C)=O
866,CC(=O)[C-]([NH+]=C(c1ccccc1)c1ccccc1)c1ccccc1
867,CC(=O)C(C)=[NH+][C-](C(C)=O)C(C)=O
868,CNC(=O)[C-]([O+]=C(C)C(=O)OC)C(=O)OC
869,C[CH-][O+]=C(C(C)=O)C(C)=O
870,CN=[NH+][N-]c1ccccc1
871,CC(=O)C(C)=[N+](C)[C-](C#N)C#N
872,COC(=O)[CH-][N+](C)=C(C(=O)OC)C(=O)OC
873,CC(=O)C(C#N)=[O+][C-](C)C(C)=O
874,N#C[N-][O+]=Cc1ccccc1
875,CC(C#N)=[NH+][N-]c1ccccc1
876,CC(C)=[NH+][O-]
877,CNC(=O)C(C)=[NH+][C-](C)C
878,C[N-][O+]=C(C#N)C(=O)OC
879,CNC(=O)C(=[NH+][C-](C)C(C)=O)c1ccccc1
880,CNC(=O)C(=[O+][NH-])C(=O)NC
881,CNC(=O)C(=[O+][C-](C(C)=O)c1ccccc1)C(=O)NC
882,CC(=O)C=[N+](C)[CH-]C#N
883,COC(=O)C(=[O+][C-](C#N)C(=O)OC)c1ccccc1
884,CC(=O)[N-][NH+]=C(C(C)=O)C(C)=O
885,CNC(=O)[C-]([O+]=CC#N)C(=O)NC
886,CNC(=O)C(=[NH+][CH-]C(C)=O)C(=O)NC
887,CC(C)=[N+](C)[C-](c1ccccc1)c1ccccc1
888,N#CC=[O+][CH-]c1ccccc1
889,CNC(=O)C=[O+][CH-]c1ccccc1
890,CC(=O)[C-]([NH+]=C(C#N)c1ccccc1)C(C)=O
891,CC=[O+][CH-]C(C)=O
892,CNC(=O)C(=[O+][C-](C(C)=O)c1ccccc1)c1ccccc1
893,CC(C#N)=[NH+][N-]C#N
894,COC(=O)[C-](c1ccccc1)[N+](C)=CC(C)=O
895,CC(=O)N=[N+](C)[N-]c1ccccc1
896,CNC(=O)[C-]([O+]=C(C(=O)OC)C(=O)OC)c1ccccc1
897,CNC(=O)[C-]([NH+]=C(c1ccccc1)c1ccccc1)C(=O)OC
898,COC(=O)C(=[NH+][N-]C#N)c1ccccc1
899,COC(=O)C(C#N)=[NH+][C-](C(C)=O)C(C)=O
900,CC(C)=[N+](C)[O-]
901,C[CH-][O+]=CC(=O)NC
902,C=[N+](C)[CH-]C(C)=O
903,CC(c1ccccc1)=[N+](C)[NH-]
904,C[N+](=N)[N-]c1ccccc1
905,CNC(=O)[C-]([NH+]=CC(C)=O)C(C)=O
906,CNC(=O)C(=[NH+][C-](C(=O)NC)C(=O)NC)C(C)=O
907,COC(=O)C(C#N)=[NH+][C-](C)c1ccccc1
908,N#C[C-]([O+]=C(c1ccccc1)c1ccccc1)c1ccccc1
909,CNC(=O)C(C)=[N+](C)[C-](C#N)C#N
910,CNC(=O)C=[O+][C-](C(=O)NC)C(=O)OC
911,COC(=O)C(C#N)=[O+][C-](c1ccccc1)c1ccccc1
912,CC(c1ccccc1)=[N+](C)[C-](c1ccccc1)c1ccccc1
913,CNC(=O)C(C#N)=[NH+][C-](C#N)C(C)=O
914,CC=[N+](C)[C-](C)C#N
915,CNC(=O)C(C)=[NH+][C-](c1ccccc1)c1ccccc1
916,C=[N+](C)[C-](C(=O)NC)c1ccccc1
917,C[CH-][O+]=C(C)C#N
918,CNC(=O)C(C(=O)OC)=[N+](C)[C-](C)C#N
919,CNC(=O)[C-](C)[N+](C)=C(C(C)=O)c1ccccc1
920,CC=[O+][C-](C)C#N
921,CC=[NH+][N-]C
922,CC=[NH+][N-]C(=O)OC
923,CC=[NH+][C-](C)C(=O)OC
924,CC(=O)C=[NH+][C-](C#N)c1ccccc1
925,COC(=O)[CH-][N+](C)=C(C#N)C(C)=O
926,COC(=O)N=[O+][O-]
927,[CH2-][N+](C)=C(C)c1ccccc1
928,CNC(=O)[C-]([O+]=C(C)c1ccccc1)C(=O)NC
929,CNC(=O)[C-]([NH+]=Cc1ccccc1)c1ccccc1
930,CC(=O)C(=[O+][C-](c1ccccc1)c1ccccc1)C(C)=O
931,CNC(=O)C(C(=O)OC)=[N+](C)[C-](c1ccccc1)c1ccccc1
932,CC(=O)N=[N+](C)[N-]C#N
933,COC(=O)C(C#N)=[NH+][C-](C(=O)OC)c1ccccc1
934,COC(=O)[C-](c1ccccc1)[N+](C)=CC#N
935,CNC(=O)[C-]([NH+]=C(C#N)C#N)C(=O)OC
936,COC(=O)C(C#N)=[O+][C-](C#N)C(=O)OC
937,CC(C#N)=[N+](C)[CH-]c1ccccc1
938,CNC(=O)C(C)=[NH+][N-]c1ccccc1
939,C[N+](=Cc1ccccc1)[N-]c1ccccc1
940,CNC(=O)C(=[NH+][C-](C)C#N)C(=O)OC
941,CNC(=O)[C-](C#N)[N+](C)=Cc1ccccc1
942,COC(=O)C(=[O+][C-](C)c1ccccc1)C(=O)OC
943,CNC(=O)[CH-][NH+]=C(C(C)=O)c1ccccc1
944,COC(=O)C(C(=O)OC)=[N+](C)[C-](C)C(C)=O
945,CC=[NH+][C-](C)C(C)=O
946,COC(=O)[CH-][NH+]=C(C(C)=O)C(C)=O
947,CN=[O+][N-]C#N
948,CNC(=O)[C-]([NH+]=CC(C)=O)c1ccccc1
949,CNC(=O)C(C)=[O+][C-](C(C)=O)C(=O)OC
950,CNC(=O)[N-][N+](C)=CC(C)=O
951,COC(=O)[C-](C)[N+](C)=C(C#N)c1ccccc1
952,COC(=O)C(C)=[O+][CH-]C#N
953,COC(=O)[C-]([O+]=C(c1ccccc1)c1ccccc1)C(C)=O
954,[CH2-][N+](C)=C(C(C)=O)c1ccccc1
955,c1ccc([CH-][NH+]=C(c2ccccc2)c2ccccc2)cc1
956,CNC(=O)[C-](C(=O)NC)[N+](C)=C(C)C
957,CC(=O)C=[N+](C)[C-](C)C
958,CNC(=O)[C-]([NH+]=C(C#N)C#N)C(=O)NC
959,COC(=O)C=[O+][CH-]C(C)=O
960,CNC(=O)[C-](C)[NH+]=CC#N
961,CNC(=O)[C-](C#N)[NH+]=C(C)C#N
962,CNC(=O)[C-]([NH+]=C(C(=O)OC)c1ccccc1)c1ccccc1
963,N#CC(=[O+][CH-]c1ccccc1)c1ccccc1
964,CNC(=O)[C-]([O+]=C(C)c1ccccc1)C(=O)NC
965,COC(=O)C(C(=O)OC)=[N+](C)[N-]C#N
966,COC(=O)C(C(=O)OC)=[N+](C)[C-](C(C)=O)C(=O)OC
967,CNC(=O)[C-](C(C)=O)[N+](C)=C(C)C(=O)OC
968,COC(=O)[CH-][N+](C)=C(C(=O)OC)C(=O)OC
969,N#C[C-]([NH+]=C(c1ccccc1)c1ccccc1)c1ccccc1
970,CNC(=O)C=[N+](C)[C-](C)C(=O)NC
971,CNC(=O)[C-](C)[N+](C)=C(C(=O)OC)c1ccccc1
972,CNC(=O)C(C#N)=[N+](C)[C-](C(C)=O)C(C)=O
973,COC(=O)C(C)=[N+](C)[CH-]C#N
974,[CH2-][NH+]=C(C)C(=O)OC
975,C[N+]([NH-])=C(C#N)c1ccccc1
976,N#CC(C#N)=[O+][C-](C#N)c1ccccc1
977,COC(=O)C=[N+](C)[C-](C#N)C#N
978,CC(=O)C=[O+][C-](C)C
979,CC(=O)[C-](C#N)[N+](C)=C(C)C
980,CNC(=O)[CH-][O+]=C(C)C(=O)OC
981,CC=[N+](C)[C-](C)c1ccccc1
982,CC(=O)[C-](C#N)[N+](C)=C(C#N)C#N
983,C[CH-][NH+]=C(C)C#N
984,CNC(=O)C(C(C)=O)=[N+](C)[O-]
985,[CH2-][O+]=CC(C)=O
986,[CH2-][O+]=C(C(=O)NC)c1ccccc1
987,CNC(=O)C(c1ccccc1)=[N+](C)[CH-]C(C)=O
988,C[N-][O+]=C(c1ccccc1)c1ccccc1
989,CNC(=O)C(=[O+][CH-]C(=O)OC)C(C)=O
990,CNC(=O)C(C#N)=[N+](C)[C-](C(C)=O)C(=O)NC
991,CNC(=O)C(C)=[O+][C-](C(C)=O)C(=O)OC
992,C=[O+][C-](C(C)=O)C(C)=O
993,CC(=O)N=[N+](C)[N-]C(C)=O
994,COC(=O)C=[NH+][C-](C)C
995,CC(=O)C(C(C)=O)=[N+](C)[C-](C(C)=O)c1ccccc1
996,COC(=O)[C-](c1ccccc1)[N+](C)=C(C(C)=O)c1ccccc1
997,COC(=O)C=[O+][C-](C)C(=O)OC
998,CNC(=O)C(C#N)=[O+][CH-]c1ccccc1
999,CC(=O)C=[NH+][C-](c1ccccc1)c1ccccc1
1000,CC#[N+][C-](C#N)c1ccccc1
1001,CC(=O)C#[N+][C-](C)C(C)=O
1002,CNC(=O)[C-](C)[N+]#CC#N
1003,C#[N+][C-](C(C)=O)C(=O)NC
1004,CNC(=O)[C-]([N+]#CC(C)=O)C(=O)OC
1005,COC(=O)C#[N+][C-](C(C)=O)c1ccccc1
1006,C#[N+][C-](C(=O)NC)c1ccccc1
1007,N#C[N-][N+]#Cc1ccccc1
1008,COC(=O)C#[N+][C-](C#N)C(C)=O
1009,CNC(=O)C#[N+][C-](C#N)C(=O)OC
1010,COC(=O)C#[N+][C-](C)C#N
1011,CNC(=O)[C-]([N+]#CC#N)C(=O)NC
1012,CC(=O)C#[N+][C-](C(C)=O)C(C)=O
1013,N#CC#[N+][C-](c1ccccc1)c1ccccc1
1014,COC(=O)C#[N+][C-](C(=O)OC)c1ccccc1
1015,CC(=O)C#[N+][N-]C#N
1016,CNC(=O)C#[N+][C-](C)C#N
1017,C[N-][N+]#N
1018,COC(=O)C#[N+][C-](C(C)=O)C(=O)OC
1019,CC#[N+][C-](C#N)C(=O)OC
1020,COC(=O)[C-](C#N)[N+]#CC(C)=O
1021,CC(=O)C#[N+][C-](C)c1ccccc1
1022,COC(=O)C#[N+][C-](C)C(=O)OC
1023,COC(=O)[C-]([N+]#CC(C)=O)C(=O)OC
1024,COC(=O)[C-]([N+]#CC(C)=O)c1ccccc1
1025,CC#[N+][N-]C(C)=O
1026,CNC(=O)C#[N+][C-](c1ccccc1)c1ccccc1
1027,C#[N+][C-](C#N)C(=O)NC
1028,CNC(=O)[C-]([N+]#CC(C)=O)c1ccccc1
1029,CNC(=O)[C-]([N+]#CC(=O)OC)C(=O)NC
1030,CC(=O)[N-][N+]#Cc1ccccc1
1031,CC#[N+][CH-]C(C)=O
1032,CC#[N+][C-](C(C)=O)C(C)=O
1033,CNC(=O)[C-]([N+]#CC(C)=O)C(=O)NC
1034,COC(=O)C#[N+][C-](C(=O)OC)c1ccccc1
1035,COC(=O)C#[N+][C-](C#N)c1ccccc1
1036,CNC(=O)C#[N+][C-](C)C(=O)NC
1037,[CH2-][N+]#Cc1ccccc1
1038,CNC(=O)[CH-][N+]#N
1039,CC#[N+][C-](C#N)C(C)=O
1040,[NH-][N+]#Cc1ccccc1
1041,COC(=O)C#[N+][C-](C#N)C(C)=O
1042,C(#[N+][N-]c1ccccc1)c1ccccc1
1043,CNC(=O)C#[N+][N-]C(=O)NC
1044,CNC(=O)[CH-][N+]#CC(=O)OC
1045,CNC(=O)C#[N+][C-](C(=O)NC)C(=O)NC
1046,CC(=O)C#[N+][C-](C(C)=O)c1ccccc1
1047,CC(=O)C#[N+][O-]
1048,CC(=O)[C-]([N+]#Cc1ccccc1)c1ccccc1
1049,COC(=O)[C-]([N+]#CC(C)=O)C(C)=O
1050,C#[N+][C-](c1ccccc1)c1ccccc1
1051,C(#[N+][C-](c1ccccc1)c1ccccc1)c1ccccc1
1052,C[C-](C)[N+]#N
1053,CNC(=O)[C-]([N+]#CC(C)=O)c1ccccc1
1054,CNC(=O)[C-]([N+]#CC(C)=O)C(C)=O
1055,CNC(=O)C#[N+][C-](C(=O)NC)c1ccccc1
1056,CNC(=O)[C-]([N+]#CC(=O)OC)C(=O)OC
1057,CNC(=O)C#[N+][NH-]
1058,C[N-][N+]#CC(=O)NC
1059,COC(=O)C#[N+][C-](C#N)C(=O)OC
1060,C#[N+][C-](C)C(=O)OC
1061,N#CC#[N+][C-](C#N)c1ccccc1
1062,COC(=O)[C-]([N+]#CC(C)=O)C(C)=O
1063,CC#[N+][C-](C#N)C(C)=O
1064,N#C[CH-][N+]#Cc1ccccc1
1065,CC(=O)[C-]([N+]#Cc1ccccc1)c1ccccc1
1066,C[CH-][N+]#CC(=O)NC
1067,COC(=O)C#[N+][C-](C)c1ccccc1
1068,CC(=O)C#[N+][N-]C#N
1069,CNC(=O)[C-]([N+]#CC(=O)OC)C(C)=O
1070,CC#[N+][NH-]
1071,COC(=O)[C-]([N+]#CC(C)=O)C(C)=O
1072,CC#[N+][C-](C(C)=O)C(=O)OC
1073,COC(=O)[C-](C)[N+]#N
1074,CNC(=O)C#[N+][C-](c1ccccc1)c1ccccc1
1075,CNC(=O)[C-](C)[N+]#Cc1ccccc1
1076,CNC(=O)[CH-][N+]#CC#N
1077,C#[N+][C-](C#N)c1ccccc1
1078,COC(=O)C#[N+][CH-]c1ccccc1
1079,CNC(=O)[C-]([N+]#Cc1ccccc1)C(=O)NC
1080,CNC(=O)[N-][N+]#N
1081,C[C-]([N+]#Cc1ccccc1)c1ccccc1
1082,[CH2-][N+]#CC
1083,C#[N+][C-](C#N)C(C)=O
1084,[CH2-][N+]#CC(=O)NC
1085,CNC(=O)C#[N+][C-](c1ccccc1)c1ccccc1
1086,C#[N+][N-]C(=O)OC
1087,N#C[C-]([N+]#N)c1ccccc1
1088,C#[N+][C-](C)C(=O)NC
1089,COC(=O)C#[N+][C-](C)C(=O)OC
1090,CNC(=O)C#[N+][C-](C(C)=O)c1ccccc1
1091,CNC(=O)C#[N+][C-](C#N)C(C)=O
1092,C#[N+][C-](C)C(C)=O
1093,CNC(=O)[N-][N+]#CC(=O)OC
1094,COC(=O)[N-][N+]#CC(C)=O
1095,CNC(=O)[C-](C#N)[N+]#N
1096,[CH2-][N+]#CC(=O)NC
1097,CC(=O)C#[N+][N-]C(C)=O
1098,C[N-][N+]#CC(=O)NC
1099,CNC(=O)C#[N+][C-](C(C)=O)c1ccccc1
1100,C#[N+][C-](C(=O)NC)C(=O)NC
1101,COC(=O)[CH-][N+]#Cc1ccccc1
1102,COC(=O)[C-]([N+]#CC(C)=O)C(C)=O
1103,CC#[N+][C-](C)C(=O)NC
1104,CC#[N+][C-](C#N)C#N
1105,[CH2-][N+]#Cc1ccccc1
1106,CNC(=O)[C-]([N+]#CC(C)=O)C(=O)OC
1107,COC(=O)[C-]([N+]#CC#N)c1ccccc1
1108,CNC(=O)C#[N+][CH-]C(C)=O
1109,CC(=O)C#[N+][CH-]c1ccccc1
1110,C[C-](C#N)[N+]#N
1111,CNC(=O)[C-]([N+]#Cc1ccccc1)C(=O)OC
1112,N#CC#[N+][CH-]c1ccccc1
1113,CNC(=O)[C-]([N+]#Cc1ccccc1)C(=O)OC
1114,[CH2-][N+]#CC(=O)NC
1115,COC(=O)[C-]([N+]#CC#N)C(=O)OC
1116,CC#[N+][CH-]C(C)=O
1117,C[C-]([N+]#Cc1ccccc1)c1ccccc1
1118,C(#[N+][N-]c1ccccc1)c1ccccc1
1119,COC(=O)[C-](C#N)[N+]#Cc1ccccc1
1120,CNC(=O)C#[N+][C-](C(=O)OC)c1ccccc1
1121,CC(=O)[N-][N+]#Cc1ccccc1
1122,CC(=O)[CH-][N+]#Cc1ccccc1
1123,C[C-](C#N)[N+]#CC#N
1124,CNC(=O)[C-]([N+]#CC(C)=O)C(C)=O
1125,COC(=O)[N-][N+]#CC#N
1126,CNC(=O)C#[N+][C-](C)C(=O)OC
1127,CC(=O)[C-]([N+]#Cc1ccccc1)C(C)=O
1128,CNC(=O)[C-]([N+]#N)C(=O)OC
1129,COC(=O)[C-](C#N)[N+]#CC(C)=O
1130,CNC(=O)[N-][N+]#Cc1ccccc1
1131,C[CH-][N+]#CC(C)=O
1132,CNC(=O)C#[N+][N-]C#N
1133,C#[N+][CH-]c1ccccc1
1134,C#[N+][C-](C(C)=O)C(=O)NC
1135,C(#[N+][C-](c1ccccc1)c1ccccc1)c1ccccc1
1136,C#[N+][C-](C(C)=O)C(=O)OC
1137,CC#[N+][C-](C)c1ccccc1
1138,CNC(=O)C#[N+][C-](C(=O)NC)C(=O)OC
1139,C#[N+][C-](C)C(=O)NC
1140,CNC(=O)C#[N+][C-](C(=O)NC)C(=O)NC
1141,COC(=O)[N-][N+]#CC(C)=O
1142,CC#[N+][CH-]C
1143,CNC(=O)C#[N+][C-](C)C(C)=O
1144,C[N-][N+]#CC#N
1145,COC(=O)[C-](C#N)[N+]#CC#N
1146,CC#[N+][C-](C#N)C(=O)OC
1147,C#[N+][CH-]c1ccccc1
1148,C#[N+][N-]C(C)=O
1149,CNC(=O)[CH-][N+]#CC#N
1150,CC(=O)[C-]([N+]#Cc1ccccc1)C(C)=O
1151,C#[N+][C-](C)C(C)=O
1152,CC(=O)[C-](C)[N+]#N
1153,CC#[N+][C-](C(C)=O)C(=O)OC
1154,CC(=O)C#[N+][CH-]C(C)=O
1155,CC(=O)C#[N+][C-](C(C)=O)C(C)=O
1156,CC#[N+][C-](C#N)c1ccccc1
1157,C#[N+][CH-]C(C)=O
1158,CNC(=O)C#[N+][C-](C#N)C(=O)NC
1159,COC(=O)C#[N+][C-](C)C(C)=O
1160,CC#[N+][N-]C(=O)NC
1161,CC#[N+][C-](C)C(C)=O
1162,CC(=O)C#[N+][O-]
1163,CC(=O)C#[N+][C-](C)C
1164,CC#[N+][C-](C#N)C#N
1165,CNC(=O)[C-](C#N)[N+]#Cc1ccccc1
1166,CC(=O)C#[N+][C-](C(C)=O)C(C)=O
1167,CNC(=O)C#[N+][N-]C#N
1168,CNC(=O)[C-]([N+]#N)c1ccccc1
1169,CNC(=O)C#[N+][N-]C#N
1170,CNC(=O)[C-]([N+]#CC(C)=O)C(C)=O
1171,CC#[N+][C-](C(=O)NC)C(=O)OC
1172,COC(=O)[CH-][N+]#N
1173,C[C-]([N+]#Cc1ccccc1)c1ccccc1
1174,CC#[N+][C-](C(=O)NC)c1ccccc1
1175,COC(=O)C#[N+][NH-]
1176,CNC(=O)C#[N+][N-]c1ccccc1
1177,CC#[N+][C-](C)C
1178,C[CH-][N+]#CC(C)=O
1179,COC(=O)[C-]([N+]#N)C(C)=O
1180,CNC(=O)C#[N+][N-]C#N
1181,CC(=O)[N-][N+]#CC#N
1182,CC#[N+][O-]
1183,CNC(=O)C#[N+][C-](C(=O)NC)C(=O)NC
1184,COC(=O)[C-]([N+]#Cc1ccccc1)c1ccccc1
1185,COC(=O)C#[N+][C-](C(C)=O)C(C)=O
1186,COC(=O)[C-]([N+]#N)c1ccccc1
1187,C[C-]([N+]#CC#N)c1ccccc1
1188,CC(=O)C#[N+][C-](C#N)C#N
1189,C[C-]([N+]#CC#N)c1ccccc1
1190,C[CH-][N+]#CC(C)=O
1191,C#[N+][C-](C(C)=O)c1ccccc1
1192,C#[N+][C-](c1ccccc1)c1ccccc1
1193,CC(=O)C#[N+][NH-]
1194,CC#[N+][N-]C#N
1195,CC#[N+][C-](C(=O)NC)C(=O)NC
1196,N#CC#[N+][CH-]c1ccccc1
1197,N#C[N-][N+]#Cc1ccccc1
1198,COC(=O)[N-][N+]#N
1199,CNC(=O)[C-](C#N)[N+]#Cc1ccccc1
1200,CC#[N+][C-](c1ccccc1)c1ccccc1
1201,CNC(=O)[N-][N+]#N
1202,CC#[N+][CH-]C(=O)OC
1203,CNC(=O)[C-](C#N)[N+]#CC#N
1204,CC(=O)C#[N+][C-](C#N)C(C)=O
1205,COC(=O)C#[N+][C-](C#N)C(C)=O
1206,C[C-](C)[N+]#CC#N
1207,COC(=O)[C-](C)[N+]#N
1208,C#[N+][CH-]C(C)=O
1209,CC(=O)C#[N+][CH-]C#N
1210,COC(=O)[C-]([N+]#CC(C)=O)c1ccccc1
1211,CNC(=O)C#[N+][C-](C(C)=O)C(=O)NC
1212,CC(=O)C#[N+][C-](C)C
1213,COC(=O)[C-]([N+]#Cc1ccccc1)c1ccccc1
1214,C#[N+][C-](C(=O)OC)C(=O)OC
1215,CNC(=O)C#[N+][C-](C)C(=O)NC
1216,N#CC#[N+][C-](c1ccccc1)c1ccccc1
1217,C#[N+][C-](C(=O)NC)c1ccccc1
1218,COC(=O)C#[N+][N-]C(=O)OC
1219,CNC(=O)C#[N+][N-]c1ccccc1
1220,COC(=O)[N-][N+]#N
1221,CNC(=O)C#[N+][C-](C)C
1222,C[N-][N+]#CC(C)=O
1223,N#[N+][CH-]c1ccccc1
1224,CNC(=O)[N-][N+]#Cc1ccccc1
1225,CNC(=O)C#[N+][O-]
1226,C[C-](C#N)[N+]#Cc1ccccc1
1227,CC#[N+][C-](C(=O)NC)C(=O)NC
1228,CC(=O)C#[N+][C-](C(C)=O)C(C)=O
1229,COC(=O)[C-]([N+]#CC(C)=O)C(C)=O
1230,COC(=O)C#[N+][C-](C#N)C(C)=O
1231,N#C[C-](C#N)[N+]#Cc1ccccc1
1232,CC#[N+][CH-]C
1233,CNC(=O)[C-]([N+]#N)C(=O)NC
1234,COC(=O)C#[N+][C-](C)c1ccccc1
1235,C[N-][N+]#CC(C)=O
1236,COC(=O)[CH-][N+]#CC#N
1237,CNC(=O)C#[N+][C-](C(C)=O)C(C)=O
1238,C#[N+][C-](C)C#N
1239,CC(=O)C#[N+][N-]C(C)=O
1240,CC#[N+][CH-]c1ccccc1
1241,C#[N+][C-](C)C#N
1242,CNC(=O)[C-](C#N)[N+]#CC(=O)OC
1243,C#[N+][C-](C(C)=O)C(=O)NC
1244,CNC(=O)[C-]([N+]#CC#N)c1ccccc1
1245,COC(=O)C#[N+][C-](C(C)=O)C(C)=O
1246,C[N-][N+]#CC(=O)OC
1247,C#[N+][CH-]C(=O)OC
1248,CC#[N+][C-](C#N)C(=O)NC
1249,CC#[N+][N-]C(=O)NC
1250,C[C-](C)[N+]#Cc1ccccc1
1251,CNC(=O)C#[N+][C-](C)c1ccccc1
1252,C[CH-][N+]#N
1253,C[C-](C)[N+]#N
1254,CC(=O)C#[N+][CH-]c1ccccc1
1255,CNC(=O)[C-]([N+]#CC(=O)OC)C(=O)NC
1256,CC#[N+][CH-]C(=O)OC
1257,CC(=O)C#[N+][C-](C#N)C(C)=O
1258,CNC(=O)[C-]([N+]#CC(=O)OC)c1ccccc1
1259,C[C-]([N+]#N)c1ccccc1
1260,CC(=O)[C-]([N+]#CC#N)c1ccccc1
1261,COC(=O)[CH-][N+]#N
1262,N#CC#[N+][N-]c1ccccc1
1263,COC(=O)[N-][N+]#CC#N
1264,COC(=O)C#[N+][C-](C)c1ccccc1
1265,COC(=O)C#[N+][C-](C(=O)OC)C(=O)OC
1266,C#[N+][C-](C(=O)OC)C(=O)OC
1267,CC#[N+][C-](C(=O)NC)c1ccccc1
1268,COC(=O)[C-](C#N)[N+]#N
1269,COC(=O)C#[N+][C-](C)C(C)=O
1270,CNC(=O)[C-]([N+]#N)C(C)=O
1271,COC(=O)[C-](C)[N+]#CC(C)=O
1272,CNC(=O)[C-]([N+]#CC#N)C(=O)NC
1273,CNC(=O)[C-]([N+]#CC#N)c1ccccc1
1274,C[N-][N+]#CC(=O)OC
1275,CNC(=O)[C-](C#N)[N+]#Cc1ccccc1
1276,C#[N+][N-]C(C)=O
1277,CNC(=O)C#[N+][N-]C#N
1278,CNC(=O)[N-][N+]#CC(=O)OC
1279,N#[N+][C-](c1ccccc1)c1ccccc1
1280,CC#[N+][CH-]C#N
1281,COC(=O)C#[N+][C-](C)C(C)=O
1282,CNC(=O)[C-]([N+]#CC(=O)OC)C(=O)NC
1283,COC(=O)C#[N+][C-](C)C
1284,N#C[C-]([N+]#Cc1ccccc1)c1ccccc1
1285,C[C-]([N+]#N)c1ccccc1
1286,CNC(=O)[CH-][N+]#Cc1ccccc1
1287,CNC(=O)[C-]([N+]#CC(C)=O)C(C)=O
1288,C#[N+][C-](C)C#N
1289,CC(=O)[CH-][N+]#Cc1ccccc1
1290,CNC(=O)C#[N+][C-](C#N)c1ccccc1
1291,CNC(=O)[CH-][N+]#CC(C)=O
1292,CNC(=O)C#[N+][CH-]c1ccccc1
1293,CNC(=O)[CH-][N+]#CC(=O)OC
1294,C#[N+][C-](C)C(=O)NC
1295,CC#[N+][C-](C(=O)NC)C(=O)OC
1296,[CH2-][N+]#CC
1297,[NH-][N+]#Cc1ccccc1
1298,N#C[CH-][N+]#Cc1ccccc1
1299,CNC(=O)[N-][N+]#CC(C)=O
1300,CNC(=O)c1oc(=O)[cH-][n+]1C
1301,COC(=O)c1oc(=O)[c-](C(=O)OC)[o+]1
1302,COC(=O)[c-]1c(=O)oc[n+]1C
1303,CNC(=O)[c-]1[o+]coc1=O
1304,C[c-]1c(=O)oc(C#N)[n+]1C
1305,COC(=O)[c-]1[o+]c(C#N)oc1=O
1306,Cc1oc(=O)[cH-][o+]1
1307,CC(=O)[c-]1c(=O)oc(-c2ccccc2)[n+]1C
1308,COC(=O)c1[nH+][c-](-c2ccccc2)c(=O)o1
1309,CC(=O)[c-]1[o+]c(C)oc1=O
1310,CNC(=O)[c-]1c(=O)oc(C#N)[n+]1C
1311,CNC(=O)c1oc(=O)[n-][o+]1
1312,CNC(=O)c1[nH+][c-](C(=O)NC)c(=O)o1
1313,CNC(=O)c1oc(=O)[c-](-c2ccccc2)[o+]1
1314,CNC(=O)c1[nH+][c-](-c2ccccc2)c(=O)o1
1315,CC(=O)[c-]1c(=O)oc[n+]1C
1316,CC(=O)c1oc(=O)[c-](C#N)[n+]1C
1317,C[c-]1c(=O)oc[n+]1C
1318,Cc1[nH+][c-](C)c(=O)o1
1319,COC(=O)c1[nH+][c-](C#N)c(=O)o1
1320,Cc1[nH+][cH-]c(=O)o1
1321,CNC(=O)c1oc(=O)[c-](C(=O)NC)[n+]1C
1322,CC(=O)c1oc(=O)[c-](C)[n+]1C
1323,COC(=O)c1[nH+][cH-]c(=O)o1
1324,CNC(=O)[c-]1[nH+]c(C#N)oc1=O
1325,COC(=O)[c-]1c(=O)oc[n+]1C
1326,CC(=O)c1[nH+][c-](C#N)c(=O)o1
1327,CNC(=O)[c-]1[nH+]c(C(=O)OC)oc1=O
1328,C[c-]1[o+]noc1=O
1329,CC(=O)c1oc(=O)[cH-][n+]1C
1330,CC(=O)c1oc(=O)[c-](C(C)=O)[n+]1C
1331,COC(=O)[c-]1[o+]c(-c2ccccc2)oc1=O
1332,CC(=O)c1oc(=O)[c-](C)[o+]1
1333,CNC(=O)c1[nH+][c-](C(=O)NC)c(=O)o1
1334,CNC(=O)[c-]1c(=O)oc[n+]1C
1335,Cc1oc(=O)[n-][n+]1C
1336,CNC(=O)[c-]1[nH+]coc1=O
1337,O=c1[n-][nH+]c(-c2ccccc2)o1
1338,CC(=O)c1oc(=O)[c-](C)[o+]1
1339,CC(=O)c1[nH+][c-](-c2ccccc2)c(=O)o1
1340,O=c1[n-][o+]c(-c2ccccc2)o1
1341,CNC(=O)[c-]1c(=O)oc(C#N)[n+]1C
1342,CNC(=O)c1oc(=O)[c-](C#N)[o+]1
1343,COC(=O)[c-]1[nH+]c(-c2ccccc2)oc1=O
1344,COC(=O)c1oc(=O)[c-](C(C)=O)[n+]1C
1345,N#C[c-]1[nH+]c(-c2ccccc2)oc1=O
1346,CC(=O)[c-]1c(=O)oc(-c2ccccc2)[n+]1C
1347,CC(=O)[c-]1[o+]coc1=O
1348,COC(=O)c1oc(=O)[c-](C(C)=O)[o+]1
1349,C[n+]1c(C#N)oc(=O)[c-]1-c1ccccc1
1350,CNC(=O)c1[nH+][c-](C)c(=O)o1
1351,COC(=O)[c-]1c(=O)on[n+]1C
1352,Cc1[nH+][n-]c(=O)o1
1353,COC(=O)[c-]1[o+]c(C#N)oc1=O
1354,COC(=O)c1oc(=O)[c-](C#N)[n+]1C
1355,CNC(=O)[c-]1[o+]c(C)oc1=O
1356,CC(=O)c1[nH+][c-](C)c(=O)o1
1357,CNC(=O)c1oc(=O)[c-](C#N)[o+]1
1358,COC(=O)c1[nH+][c-](C(=O)OC)c(=O)o1
1359,CNC(=O)c1[nH+][c-](C#N)c(=O)o1
1360,CNC(=O)c1oc(=O)[n-][n+]1C
1361,CNC(=O)[c-]1c(=O)oc[n+]1C
1362,CC(=O)c1oc(=O)[c-](C(C)=O)[o+]1
1363,O=c1[n-][nH+]c(-c2ccccc2)o1
1364,COC(=O)c1oc(=O)[c-](C)[n+]1C
1365,COC(=O)[c-]1c(=O)oc[n+]1C
1366,COC(=O)[c-]1[o+]noc1=O
1367,Cc1oc(=O)[c-](-c2ccccc2)[n+]1C
1368,CC(=O)[c-]1c(=O)on[n+]1C
1369,COC(=O)[c-]1[nH+]coc1=O
1370,COC(=O)c1oc(=O)[c-](C(=O)OC)[o+]1
1371,CNC(=O)[c-]1c(=O)oc[n+]1C
1372,C[n+]1noc(=O)[c-]1-c1ccccc1
1373,CNC(=O)c1oc(=O)[c-](C(=O)OC)[n+]1C
1374,COC(=O)[c-]1[o+]noc1=O
1375,CNC(=O)[c-]1[o+]c(C(C)=O)oc1=O
1376,CNC(=O)c1[nH+][c-](C#N)c(=O)o1
1377,CNC(=O)c1oc(=O)[cH-][o+]1
1378,C[c-]1[o+]c(C#N)oc1=O
1379,CNC(=O)c1oc(=O)[c-](C#N)[o+]1
1380,COC(=O)c1[nH+][c-](C(=O)OC)c(=O)o1
1381,COC(=O)c1[nH+][c-](C)c(=O)o1
1382,C[c-]1c(=O)oc(C#N)[n+]1C
1383,CNC(=O)c1oc(=O)[c-](-c2ccccc2)[o+]1
1384,CNC(=O)c1oc(=O)[c-](C)[o+]1
1385,CNC(=O)c1[nH+][c-](C#N)c(=O)o1
1386,COC(=O)[c-]1[o+]noc1=O
1387,Cc1oc(=O)[c-](C#N)[o+]1
1388,C[c-]1c(=O)on[n+]1C
1389,COC(=O)[c-]1c(=O)on[n+]1C
1390,COC(=O)[c-]1c(=O)oc(-c2ccccc2)[n+]1C
1391,C[n+]1c(-c2ccccc2)oc(=O)[c-]1C#N
1392,Cc1[nH+][c-](-c2ccccc2)c(=O)o1
1393,CNC(=O)c1oc(=O)[c-](-c2ccccc2)[n+]1C
1394,COC(=O)[c-]1[o+]coc1=O
1395,COC(=O)c1oc(=O)[c-](C#N)[o+]1
1396,COC(=O)c1oc(=O)[c-](-c2ccccc2)[o+]1
1397,CNC(=O)c1oc(=O)[c-](C#N)[n+]1C
1398,COC(=O)[c-]1[o+]c(C(C)=O)oc1=O
1399,Cc1[nH+][c-](C)c(=O)o1
1400,COC(=O)c1[nH+][n-]c(=O)o1
1401,COC(=O)[c-]1c(=O)oc(C(C)=O)[n+]1C
1402,CNC(=O)[c-]1c(=O)oc(C(=O)OC)[n+]1C
1403,CNC(=O)[c-]1[nH+]c(C(=O)OC)oc1=O
1404,CC(=O)c1[nH+][cH-]c(=O)o1
1405,COC(=O)[c-]1c(=O)oc(C)[n+]1C
1406,COC(=O)[c-]1[nH+]c(C#N)oc1=O
1407,CNC(=O)c1oc(=O)[cH-][o+]1
1408,O=c1[cH-][nH+]c(-c2ccccc2)o1
1409,COC(=O)c1oc(=O)[c-](C#N)[o+]1
1410,CNC(=O)c1oc(=O)[c-](C#N)[n+]1C
1411,Cc1[nH+][c-](C#N)c(=O)o1
1412,CNC(=O)[c-]1c(=O)oc[n+]1C
1413,CC(=O)[c-]1[o+]c(-c2ccccc2)oc1=O
1414,C[n+]1c(C#N)oc(=O)[c-]1-c1ccccc1
1415,CNC(=O)[c-]1c(=O)oc(C(=O)OC)[n+]1C
1416,Cc1[nH+][c-](-c2ccccc2)c(=O)o1
1417,Cc1[nH+][cH-]c(=O)o1
1418,O=c1[cH-][o+]c(-c2ccccc2)o1
1419,CNC(=O)c1[nH+][c-](C#N)c(=O)o1
1420,CNC(=O)c1oc(=O)[n-][n+]1C
1421,CNC(=O)[c-]1[nH+]c(-c2ccccc2)oc1=O
1422,CC(=O)[c-]1[nH+]coc1=O
1423,CC(=O)c1[nH+][c-](-c2ccccc2)c(=O)o1
1424,C[c-]1c(=O)oc(C#N)[n+]1C
1425,O=c1oc[o+][c-]1-c1ccccc1
1426,COC(=O)c1[nH+][c-](C#N)c(=O)o1
1427,CNC(=O)c1oc(=O)[c-](C(=O)NC)[o+]1
1428,C[n+]1[n-]c(=O)oc1-c1ccccc1
1429,N#Cc1oc(=O)[c-](-c2ccccc2)[o+]1
1430,CNC(=O)c1oc(=O)[c-](C#N)[n+]1C
1431,CC(=O)[c-]1[o+]c(C)oc1=O
1432,CC(=O)c1oc(=O)[c-](C(C)=O)[n+]1C
1433,CNC(=O)c1oc(=O)[c-](-c2ccccc2)[n+]1C
1434,COC(=O)[c-]1[nH+]c(-c2ccccc2)oc1=O
1435,C[c-]1[o+]noc1=O
1436,COC(=O)[c-]1c(=O)oc(C#N)[n+]1C
1437,COC(=O)[c-]1c(=O)oc(C#N)[n+]1C
1438,C[n+]1[cH-]c(=O)oc1-c1ccccc1
1439,CNC(=O)[c-]1c(=O)oc(C(C)=O)[n+]1C
1440,CC(=O)c1oc(=O)[c-](C#N)[n+]1C
1441,CC(=O)[c-]1c(=O)oc(C)[n+]1C
1442,CC(=O)[c-]1[o+]c(C#N)oc1=O
1443,CC(=O)[c-]1c(=O)on[n+]1C
1444,COC(=O)c1oc(=O)[n-][o+]1
1445,CNC(=O)[c-]1[o+]coc1=O
1446,COC(=O)c1[nH+][cH-]c(=O)o1
1447,CC(=O)c1oc(=O)[c-](C(C)=O)[o+]1
1448,COC(=O)c1[nH+][c-](C)c(=O)o1
1449,CNC(=O)c1oc(=O)[c-](C)[n+]1C
1450,CNC(=O)[c-]1c(=O)oc(C(C)=O)[n+]1C
1451,COC(=O)c1[nH+][c-](C#N)c(=O)o1
1452,COC(=O)[c-]1c(=O)on[n+]1C
1453,O=c1[cH-][nH+]c(-c2ccccc2)o1
1454,COC(=O)[c-]1[nH+]c(C(C)=O)oc1=O
1455,N#Cc1[nH+][c-](-c2ccccc2)c(=O)o1
1456,CNC(=O)c1[nH+][cH-]c(=O)o1
1457,C[c-]1c(=O)on[n+]1C
1458,COC(=O)[c-]1[o+]c(-c2ccccc2)oc1=O
1459,Cc1[nH+][c-](C)c(=O)o1
1460,CNC(=O)c1oc(=O)[c-](C(C)=O)[n+]1C
1461,CC(=O)[c-]1c(=O)oc[n+]1C
1462,COC(=O)c1oc(=O)[n-][o+]1
1463,N#Cc1[nH+][c-](-c2ccccc2)c(=O)o1
1464,COC(=O)[c-]1[nH+]c(C(C)=O)oc1=O
1465,CNC(=O)c1oc(=O)[c-](-c2ccccc2)[n+]1C
1466,COC(=O)[c-]1c(=O)oc(-c2ccccc2)[n+]1C
1467,C[n+]1[cH-]c(=O)oc1-c1ccccc1
1468,CNC(=O)c1oc(=O)[cH-][o+]1
1469,COC(=O)c1oc(=O)[c-](C#N)[o+]1
1470,C[c-]1[o+]c(C#N)oc1=O
1471,CNC(=O)[c-]1c(=O)oc(C#N)[n+]1C
1472,Cc1oc(=O)[c-](-c2ccccc2)[n+]1C
1473,CC(=O)[c-]1c(=O)oc(-c2ccccc2)[n+]1C
1474,CC(=O)c1[nH+][c-](C(C)=O)c(=O)o1
1475,COC(=O)c1oc(=O)[n-][n+]1C
1476,CNC(=O)c1oc(=O)[c-](C(C)=O)[o+]1
1477,CC(=O)c1[nH+][cH-]c(=O)o1
1478,CC(=O)c1[nH+][c-](-c2ccccc2)c(=O)o1
1479,CNC(=O)[c-]1c(=O)oc(-c2ccccc2)[n+]1C
1480,CC(=O)c1[nH+][c-](C)c(=O)o1
1481,CC(=O)[c-]1[nH+]coc1=O
1482,CC(=O)c1oc(=O)[c-](-c2ccccc2)[n+]1C
1483,CNC(=O)c1[nH+][c-](C#N)c(=O)o1
1484,CNC(=O)[c-]1c(=O)oc(C#N)[n+]1C
1485,COC(=O)c1oc(=O)[c-](-c2ccccc2)[n+]1C
1486,O=c1oc[o+][c-]1-c1ccccc1
1487,C[c-]1c(=O)oc[n+]1C
1488,CNC(=O)[c-]1[o+]c(C(C)=O)oc1=O
1489,CNC(=O)[c-]1c(=O)oc[n+]1C
1490,COC(=O)[c-]1[o+]noc1=O
1491,CNC(=O)[c-]1c(=O)oc(-c2ccccc2)[n+]1C
1492,CNC(=O)[c-]1[o+]c(C(=O)OC)oc1=O
1493,CNC(=O)c1oc(=O)[c-](-c2ccccc2)[n+]1C
1494,CNC(=O)[c-]1[o+]noc1=O
1495,CNC(=O)c1[nH+][c-](C(C)=O)c(=O)o1
1496,CNC(=O)c1[nH+][c-](C)c(=O)o1
1497,C[n+]1coc(=O)[c-]1-c1ccccc1
1498,Cc1oc(=O)[n-][n+]1C
1499,CC(=O)[c-]1[o+]c(C#N)oc1=O
