,dipolarophile
0,CC(=O)C(Cl)=C(C(C)=O)C(C)=O
1,COC(OC)=C(OC)C(F)(F)F
2,COC(=O)/C=C/C(=O)OC
3,COC(=O)/C(Br)=C(/Br)C(=O)OC
4,CNC(=O)/C(F)=C(\F)C(=O)NC
5,CNC(=O)C(C(=O)NC)=C(C(=O)NC)c1ccccc1
6,C/C(F)=C(\C)F
7,CC(=O)C(C#N)=C(C(C)=O)C(C)=O
8,COC(=O)C(C(=O)OC)=C(F)F
9,CNC(=O)C(C)=C(C(=O)NC)C(=O)NC
10,CC(=O)/C(Br)=C(\Br)C(C)=O
11,CC(=O)C(C(C)=O)=C(c1ccccc1)c1ccccc1
12,CO/C(C(C)=O)=C(/OC)C(C)=O
13,FC(=C(c1ccccc1)c1ccccc1)c1ccccc1
14,CNC(=O)C(C(=O)NC)=C(OC)OC
15,CC(=O)/C(Cl)=C(/Cl)C(C)=O
16,C=C(OC)OC
17,C(=C/c1ccccc1)\c1ccccc1
18,COC(Cl)=C(OC)OC
19,COC(=O)C(F)=C(F)F
20,COC(=O)/C(=C(/C(=O)OC)c1ccccc1)c1ccccc1
21,CC(=O)/C(Br)=C(\Br)C(C)=O
22,Br/C(=C(\Br)c1ccccc1)c1ccccc1
23,CNC(=O)C(C(=O)NC)=C(C(=O)NC)c1ccccc1
24,C(=C\c1ccccc1)\c1ccccc1
25,C/C(=C(/C)C(F)(F)F)C(F)(F)F
26,CNC(=O)/C(C(C)=O)=C(/C(C)=O)C(=O)NC
27,C=CC(=O)OC
28,COC(=O)C(C(=O)OC)=C(F)F
29,COC(=O)C(OC)=C(OC)OC
30,CC(=O)C(=C(c1ccccc1)c1ccccc1)c1ccccc1
31,CC(=O)/C(Cl)=C(/Cl)C(C)=O
32,FC(F)=C(F)c1ccccc1
33,CO/C(F)=C(\F)OC
34,CO/C(Cl)=C(\Cl)OC
35,CO/C(F)=C(/F)OC
36,C=CC(C)=O
37,CC(=O)C(C(C)=O)=C(C(C)=O)c1ccccc1
38,C=C(OC)OC
39,CC(C)=C(c1ccccc1)c1ccccc1
40,C=CC(C)=O
41,COC(=O)C(C(=O)OC)=C(c1ccccc1)c1ccccc1
42,CC(=O)C(C)=C(C(C)=O)C(C)=O
43,FC(F)(F)C(=C(C(F)(F)F)C(F)(F)F)c1ccccc1
44,CC(C)=C(F)F
45,C=C(C(C)=O)C(C)=O
46,CNC(=O)C(Br)=C(Br)Br
47,CNC(=O)/C(=C(\C(=O)NC)C(F)(F)F)C(F)(F)F
48,FC(=C(c1ccccc1)c1ccccc1)c1ccccc1
49,CNC(=O)C(Cl)=C(C(=O)NC)C(=O)NC
50,CNC(=O)C(F)=C(F)F
51,CO/C=C/OC
52,C/C(Cl)=C(/C)Cl
53,CC(=O)/C(F)=C(/F)C(C)=O
54,CC(=O)C(F)=C(C(C)=O)C(C)=O
55,CNC(=O)/C(F)=C(/F)C(=O)NC
56,COC(OC)=C(Cl)Cl
57,CNC(=O)C(C(=O)NC)=C(c1ccccc1)c1ccccc1
58,COC(=O)/C=C/C(=O)OC
59,CO/C=C/OC
60,C/C(=C(/C)c1ccccc1)c1ccccc1
61,COC(=O)C(OC)=C(OC)OC
62,COC(=O)/C(C(C)=O)=C(/C(C)=O)C(=O)OC
63,CNC(=O)/C(C(=O)OC)=C(/C(=O)NC)C(=O)OC
64,CC(Br)=C(Br)Br
65,COC(F)=C(F)F
66,COC(=O)C(C(=O)OC)=C(Br)Br
67,C=C(OC)OC
68,CC(C)=C(C)Br
69,COC(Cl)=C(OC)OC
70,CNC(=O)C(=C(C(F)(F)F)C(F)(F)F)C(F)(F)F
71,CC(=C(C(F)(F)F)C(F)(F)F)C(F)(F)F
72,FC(F)=C(F)c1ccccc1
73,C/C(Cl)=C(\C)Cl
74,COC(=O)/C(=C(\C(=O)OC)C(F)(F)F)C(F)(F)F
75,CNC(=O)/C(Cl)=C(\Cl)C(=O)NC
76,CC(=O)/C(Cl)=C(\Cl)C(C)=O
77,ClC(Cl)=C(Cl)c1ccccc1
78,COC(=O)C(C(=O)OC)=C(C(C)=O)C(C)=O
79,N#CC(C#N)=C(c1ccccc1)c1ccccc1
80,BrC(=C(c1ccccc1)c1ccccc1)c1ccccc1
81,CNC(=O)/C(C)=C(/C)C(=O)NC
82,COC(=O)/C(C(C)=O)=C(\C(C)=O)C(=O)OC
83,COC(C#N)=C(OC)OC
84,COC(=O)/C(OC)=C(\OC)C(=O)OC
85,COC(OC)=C(C(F)(F)F)C(F)(F)F
86,COC(=O)/C(F)=C(\F)C(=O)OC
87,CC(=O)C(C(C)=O)=C(C)C
88,CC(=O)/C(=C(/C(C)=O)c1ccccc1)c1ccccc1
89,CNC(=O)C(C(C)=O)=C(C(C)=O)C(C)=O
90,COC(=O)/C(Cl)=C(\Cl)C(=O)OC
91,COC(OC)=C(C(C)=O)C(C)=O
92,CNC(=O)/C(F)=C(/F)C(=O)NC
93,CC(=C(c1ccccc1)c1ccccc1)c1ccccc1
94,C=CC
95,CNC(=O)C(C(=O)NC)=C(c1ccccc1)c1ccccc1
96,COC(OC)=C(c1ccccc1)c1ccccc1
97,CC(=O)C(F)=C(F)F
98,CNC(=O)C(C(=O)NC)=C(F)F
99,CC(=O)/C(Cl)=C(/Cl)C(C)=O
100,COC(=O)C(=C(C(F)(F)F)C(F)(F)F)C(F)(F)F
101,CC(=O)/C(F)=C(\F)C(C)=O
102,CC(=O)C(=C(c1ccccc1)c1ccccc1)c1ccccc1
103,C/C(F)=C(\C)F
104,CO/C(F)=C(\F)OC
105,FC(F)(F)C(=C(c1ccccc1)c1ccccc1)c1ccccc1
106,CC(=O)C=C(C(C)=O)C(C)=O
107,FC(F)(F)/C(=C(/c1ccccc1)C(F)(F)F)c1ccccc1
108,CNC(=O)C(=C(C(F)(F)F)C(F)(F)F)C(F)(F)F
109,CNC(=O)C(F)=C(C(=O)NC)C(=O)NC
110,COC(=O)C(C(=O)OC)=C(C#N)C#N
111,COC(=O)C(C(=O)OC)=C(C)C
112,CNC(=O)C(C(=O)NC)=C(C#N)C#N
113,COC(=O)C(OC)=C(C(=O)OC)C(=O)OC
114,CC(=O)C(C(C)=O)=C(C(F)(F)F)C(F)(F)F
115,CC(C)=C(C)c1ccccc1
116,COC(C#N)=C(OC)OC
117,CO/C(C)=C(\C)OC
118,FC(F)(F)/C(=C(\c1ccccc1)C(F)(F)F)c1ccccc1
119,C=C(C(=O)OC)C(=O)OC
120,COC(=O)C(C(=O)OC)=C(Cl)Cl
121,CC(=O)/C(=C(/C(C)=O)C(F)(F)F)C(F)(F)F
122,CO/C(C(C)=O)=C(/OC)C(C)=O
123,CC(=O)/C(=C(/C(C)=O)C(F)(F)F)C(F)(F)F
124,FC(F)(F)/C(=C(\c1ccccc1)C(F)(F)F)c1ccccc1
125,COC(=O)C=C(C(=O)OC)C(=O)OC
126,C/C(Br)=C(\C)Br
127,BrC(Br)=C(c1ccccc1)c1ccccc1
128,CO/C(C#N)=C(\C#N)OC
129,COC(OC)=C(F)F
130,CC(=O)C(C#N)=C(C#N)C#N
131,COC(=O)/C(Br)=C(/Br)C(=O)OC
132,CC(=O)C(Br)=C(C(C)=O)C(C)=O
133,CC(=C(C(F)(F)F)C(F)(F)F)C(F)(F)F
134,CO/C(Cl)=C(/Cl)OC
135,CNC(=O)C(C(=O)NC)=C(OC)OC
136,COC(OC)=C(C(C)=O)C(C)=O
137,CC(=O)/C(=C(\C(C)=O)c1ccccc1)c1ccccc1
138,CNC(=O)C=C(C(=O)NC)C(=O)NC
139,COC(=O)C(C(=O)OC)=C(Cl)Cl
140,CO/C(Br)=C(/Br)OC
141,COC(Br)=C(Br)Br
142,COC(=O)C(C(C)=O)=C(C(=O)OC)C(=O)OC
143,CC(C#N)=C(C#N)C#N
144,COC(=O)C(OC)=C(OC)OC
145,COC(Cl)=C(OC)OC
146,CNC(=O)C(C(=O)NC)=C(Br)Br
147,CNC(=O)C(Br)=C(Br)Br
148,CC(C)=C(C)c1ccccc1
149,CC(C)=C(c1ccccc1)c1ccccc1
150,CC(=O)C(C(C)=O)=C(C(C)=O)c1ccccc1
151,COC(=O)C=C(C(=O)OC)C(=O)OC
152,Cl/C(=C(/Cl)c1ccccc1)c1ccccc1
153,ClC(Cl)=C(Cl)c1ccccc1
154,COC(OC)=C(c1ccccc1)c1ccccc1
155,CNC(=O)/C=C\C(=O)NC
156,C=C(C)C
157,COC(=C(C(F)(F)F)C(F)(F)F)C(F)(F)F
158,CO/C(C)=C(\C)OC
159,COC(=O)/C(F)=C(/F)C(=O)OC
160,COC(=O)/C(=C(\C(=O)OC)C(F)(F)F)C(F)(F)F
161,CNC(=O)/C(OC)=C(/OC)C(=O)NC
162,Br/C(=C(/Br)c1ccccc1)c1ccccc1
163,CO/C(F)=C(\F)OC
164,CC(C)=C(c1ccccc1)c1ccccc1
165,C(=C/c1ccccc1)\c1ccccc1
166,C(=C\c1ccccc1)\c1ccccc1
167,C/C(F)=C(\C)F
168,COC(=O)/C(Cl)=C(/Cl)C(=O)OC
169,COC(=O)C(C(=O)OC)=C(C(C)=O)C(C)=O
170,COC=C(OC)OC
171,C/C(=C(\C)c1ccccc1)c1ccccc1
172,CC(=O)C(C)=C(C)C
173,ClC(Cl)=C(Cl)c1ccccc1
174,CNC(=O)C(C(C)=O)=C(C(=O)NC)C(=O)NC
175,COC(OC)=C(F)F
176,COC(=O)C(Br)=C(C(=O)OC)C(=O)OC
177,CNC(=O)C(F)=C(C(=O)NC)C(=O)NC
178,COC(F)=C(F)F
179,CNC(=O)C(OC)=C(C(=O)NC)C(=O)NC
180,CO/C(=C(/OC)C(F)(F)F)C(F)(F)F
181,CNC(=O)C(OC)=C(OC)OC
182,CNC(=O)C(C(C)=O)=C(C(C)=O)C(C)=O
183,C=CC(=O)OC
184,COC(C)=C(C)C
185,CNC(=O)/C(Cl)=C(/Cl)C(=O)NC
186,CO/C=C\OC
187,CC(=O)/C(Br)=C(/Br)C(C)=O
188,COC(OC)=C(Br)Br
189,COC(OC)=C(Br)Br
190,CNC(=O)/C(=C(/C(=O)NC)c1ccccc1)c1ccccc1
191,CNC(=O)C(Cl)=C(Cl)Cl
192,CC(=O)C(C(C)=O)=C(C(C)=O)C(F)(F)F
193,CC(C)=C(C)Br
194,CNC(=O)C(Br)=C(C(=O)NC)C(=O)NC
195,CC(=O)/C(C#N)=C(\C#N)C(C)=O
196,CNC(=O)/C(C)=C(/C)C(=O)NC
197,COC(OC)=C(Cl)Cl
198,CNC(=O)/C(Cl)=C(/Cl)C(=O)NC
199,COC(=O)/C(=C(/C(=O)OC)c1ccccc1)c1ccccc1
200,CNC(=O)C#CF
201,COC#CC(C)=O
202,CC#CC(=O)OC
203,COC#COC
204,CC#CC(F)(F)F
205,CC#CC(F)(F)F
206,COC(=O)C#CBr
207,CNC(=O)C#COC
208,C#COC
209,CNC(=O)C#CCl
210,COC(=O)C#CC(C)=O
211,COC#CCl
212,CNC(=O)C#Cc1ccccc1
213,C#CC
214,CC(=O)C#CC#N
215,COC#CC(=O)OC
216,C#CC(=O)NC
217,BrC#Cc1ccccc1
218,CC(=O)C#CCl
219,CC#CC(F)(F)F
220,CNC(=O)C#CC(F)(F)F
221,COC(=O)C#CC(=O)OC
222,COC#CC(C)=O
223,COC(=O)C#CC(F)(F)F
224,COC(=O)C#CCl
225,CC#CC(=O)NC
226,COC(=O)C#Cc1ccccc1
227,COC(=O)C#CC(C)=O
228,CNC(=O)C#CF
229,CC(=O)C#CCl
230,C(#Cc1ccccc1)c1ccccc1
231,CC#CC(=O)NC
232,COC(=O)C#CC(F)(F)F
233,COC(=O)C#CCl
234,CNC(=O)C#CC(F)(F)F
235,CC#CC(=O)NC
236,CNC(=O)C#COC
237,COC#CC(C)=O
238,COC#CBr
239,CNC(=O)C#CC(C)=O
240,COC(=O)C#CC(C)=O
241,BrC#Cc1ccccc1
242,CNC(=O)C#CF
243,CC#Cc1ccccc1
244,CNC(=O)C#CC(C)=O
245,COC(=O)C#CC#N
246,COC#Cc1ccccc1
247,CC#COC
248,COC#CBr
249,CC#COC
250,CC#Cc1ccccc1
251,COC(=O)C#CC#N
252,CC#CF
253,CC(=O)C#CC(F)(F)F
254,CNC(=O)C#COC
255,CC(=O)C#Cc1ccccc1
256,COC#CCl
257,COC#CCl
258,CNC(=O)C#CC#N
259,COC#Cc1ccccc1
260,COC#CBr
261,COC#CF
262,CNC(=O)C#CC#N
263,CNC(=O)C#CC(=O)OC
264,CC#CC
265,C#CC(=O)OC
266,COC(=O)C#Cc1ccccc1
267,C#CC(=O)NC
268,CC#CBr
269,CNC(=O)C#CC(C)=O
270,C#COC
271,CC#CC(=O)NC
272,CC#CC(=O)OC
273,N#CC#Cc1ccccc1
274,CNC(=O)C#CC(F)(F)F
275,CNC(=O)C#CC#N
276,C#CC
277,CC#CF
278,COC#CC(C)=O
279,CC(=O)C#CBr
280,COC#CCl
281,COC#CBr
282,CC#Cc1ccccc1
283,CNC(=O)C#CC(F)(F)F
284,C#CC(=O)OC
285,COC#CC#N
286,COC(=O)C#CC(=O)OC
287,CC(=O)C#CC(C)=O
288,CC#CF
289,COC(=O)C#CCl
290,CC#CCl
291,COC(=O)C#CCl
292,COC#CC(F)(F)F
293,C#CC
294,COC#COC
295,CC(=O)C#CF
296,C#CC(C)=O
297,C#CC(=O)OC
298,COC#CC(=O)OC
299,BrC#Cc1ccccc1
300,C#Cc1ccccc1
301,FC#Cc1ccccc1
302,FC(F)(F)C#Cc1ccccc1
303,CNC(=O)C#Cc1ccccc1
304,CNC(=O)C#Cc1ccccc1
305,COC(=O)C#CC(=O)OC
306,CC#CC
307,C#Cc1ccccc1
308,CC#CC(F)(F)F
309,CNC(=O)C#CF
310,COC#CF
311,C(#Cc1ccccc1)c1ccccc1
312,CC(=O)C#CCl
313,N#CC#Cc1ccccc1
314,CC(=O)C#CC(F)(F)F
315,COC(=O)C#CC(C)=O
316,CC(=O)C#CBr
317,CNC(=O)C#CC(C)=O
318,C#CC(C)=O
319,COC#CCl
320,COC#CC(C)=O
321,CNC(=O)C#COC
322,COC#CC#N
323,CC#CC
324,COC(=O)C#CC#N
325,COC(=O)C#CC#N
326,COC#CC#N
327,CC#CC(=O)OC
328,BrC#Cc1ccccc1
329,CC(=O)C#CC(F)(F)F
330,COC#CCl
331,CNC(=O)C#CC(F)(F)F
332,CC(=O)C#CCl
333,C#CC(=O)NC
334,CC#CF
335,COC#CF
336,CC#CC(F)(F)F
337,COC#CBr
338,COC(=O)C#CC(C)=O
339,CNC(=O)C#CC(F)(F)F
340,COC#CCl
341,CNC(=O)C#CC(=O)OC
342,N#CC#Cc1ccccc1
343,C(#Cc1ccccc1)c1ccccc1
344,CC#CC(F)(F)F
345,C#Cc1ccccc1
346,COC#CC#N
347,CNC(=O)C#CBr
348,CC(=O)C#Cc1ccccc1
349,COC#Cc1ccccc1
350,COC#CC(C)=O
351,C(#Cc1ccccc1)c1ccccc1
352,COC#CF
353,CC#CC#N
354,CC#CC(=O)NC
355,COC#CC(=O)OC
356,CNC(=O)C#CC#N
357,COC(=O)C#CC(F)(F)F
358,CNC(=O)C#CC(=O)NC
359,C#Cc1ccccc1
360,C#CC(=O)OC
361,CC(=O)C#CC#N
362,CC#CC(=O)NC
363,COC(=O)C#CF
364,CNC(=O)C#CBr
365,COC#CCl
366,COC(=O)C#CF
367,C#CC(C)=O
368,C#CC
369,CNC(=O)C#CBr
370,CC(=O)C#Cc1ccccc1
371,C#CC
372,CC#CC(F)(F)F
373,COC(=O)C#CCl
374,CC(=O)C#CF
375,CC#CC
376,C(#Cc1ccccc1)c1ccccc1
377,CNC(=O)C#CC(C)=O
378,CC#CC#N
379,C#CC(=O)NC
380,N#CC#Cc1ccccc1
381,CNC(=O)C#CF
382,C#CC
383,COC(=O)C#CF
384,COC#CC#N
385,COC(=O)C#CBr
386,C#CC(=O)NC
387,COC(=O)C#CC(F)(F)F
388,COC(=O)C#CC(=O)OC
389,CC#CC(=O)NC
390,C#Cc1ccccc1
391,COC(=O)C#CBr
392,CC(=O)C#Cc1ccccc1
393,CC(=O)C#CC(C)=O
394,C#CC(=O)NC
395,CNC(=O)C#CF
396,COC(=O)C#CBr
397,COC(=O)C#CC(C)=O
398,COC(=O)C#CC(C)=O
399,COC(=O)C#CC#N
400,CC(=O)C1=C(F)C2CCC1C2
401,COC1=C(C#N)C2CCC1C2
402,CC1=CC2CCC1C2
403,CNC(=O)C1=C(OC)C2CCC1C2
404,CC1=C(C#N)C2CCC1C2
405,CC1=C(Br)C2CCC1C2
406,COC1=C(OC)C2CCC1C2
407,COC1=C(C)C2CCC1C2
408,CC(=O)C1=C(Br)C2CCC1C2
409,ClC1=C(Cl)C2CCC1C2
410,FC1=C(Br)C2CCC1C2
411,BrC1=C(Br)C2CCC1C2
412,N#CC1=C(F)C2CCC1C2
413,COC(=O)C1=CC2CCC1C2
414,COC(=O)C1=C(Br)C2CCC1C2
415,COC(=O)C1=C(C(C)=O)C2CCC1C2
416,COC(=O)C1=C(C#N)C2CCC1C2
417,CNC(=O)C1=C(OC)C2CCC1C2
418,CC(=O)C1=C(C)C2CCC1C2
419,CC1=C(c2ccccc2)C2CCC1C2
420,ClC1=C(Br)C2CCC1C2
421,COC(=O)C1=C(C#N)C2CCC1C2
422,COC1=C(Br)C2CCC1C2
423,CNC(=O)C1=C(C#N)C2CCC1C2
424,COC1=C(F)C2CCC1C2
425,C1=C(c2ccccc2)C2CCC1C2
426,COC1=C(F)C2CCC1C2
427,CC(=O)C1=C(C)C2CCC1C2
428,c1ccc(C2=C(c3ccccc3)C3CCC2C3)cc1
429,FC(F)(F)C1=CC2CCC1C2
430,CC(=O)C1=C(Br)C2CCC1C2
431,CNC(=O)C1=C(OC)C2CCC1C2
432,FC1=C(Cl)C2CCC1C2
433,FC(F)(F)C1=C(C(F)(F)F)C2CCC1C2
434,CC1=C(C#N)C2CCC1C2
435,CC1=CC2CCC1C2
436,ClC1=C(Br)C2CCC1C2
437,N#CC1=CC2CCC1C2
438,COC(=O)C1=C(OC)C2CCC1C2
439,FC(F)(F)C1=C(Cl)C2CCC1C2
440,COC(=O)C1=CC2CCC1C2
441,COC(=O)C1=C(C(=O)OC)C2CCC1C2
442,CNC(=O)C1=C(Br)C2CCC1C2
443,CC(=O)C1=CC2CCC1C2
444,N#CC1=C(c2ccccc2)C2CCC1C2
445,COC1=C(Cl)C2CCC1C2
446,CNC(=O)C1=C(C(C)=O)C2CCC1C2
447,N#CC1=C(C#N)C2CCC1C2
448,COC1=C(C#N)C2CCC1C2
449,CNC(=O)C1=C(F)C2CCC1C2
450,COC1=C(C)C2CCC1C2
451,CC(=O)C1=C(C#N)C2CCC1C2
452,COC1=C(c2ccccc2)C2CCC1C2
453,N#CC1=C(C#N)C2CCC1C2
454,BrC1=C(c2ccccc2)C2CCC1C2
455,CNC(=O)C1=C(C(=O)OC)C2CCC1C2
456,N#CC1=C(c2ccccc2)C2CCC1C2
457,BrC1=C(c2ccccc2)C2CCC1C2
458,FC1=C(F)C2CCC1C2
459,CNC(=O)C1=C(C(F)(F)F)C2CCC1C2
460,COC1=C(F)C2CCC1C2
461,FC(F)(F)C1=C(Br)C2CCC1C2
462,COC(=O)C1=C(OC)C2CCC1C2
463,CC(=O)C1=C(Cl)C2CCC1C2
464,COC1=C(c2ccccc2)C2CCC1C2
465,CNC(=O)C1=C(Br)C2CCC1C2
466,COC1=C(C#N)C2CCC1C2
467,CNC(=O)C1=C(C(=O)NC)C2CCC1C2
468,COC1=C(OC)C2CCC1C2
469,COC1=C(C(C)=O)C2CCC1C2
470,COC(=O)C1=C(C(C)=O)C2CCC1C2
471,FC1=C(Cl)C2CCC1C2
472,COC(=O)C1=C(C(=O)OC)C2CCC1C2
473,COC1=C(c2ccccc2)C2CCC1C2
474,COC(=O)C1=C(Cl)C2CCC1C2
475,COC1=C(Br)C2CCC1C2
476,COC(=O)C1=C(C(=O)OC)C2CCC1C2
477,CC1=C(Cl)C2CCC1C2
478,COC(=O)C1=C(F)C2CCC1C2
479,N#CC1=C(F)C2CCC1C2
480,BrC1=C(Br)C2CCC1C2
481,CC(=O)C1=C(C)C2CCC1C2
482,FC1=C(C(F)(F)F)C2CCC1C2
483,FC(F)(F)C1=C(Cl)C2CCC1C2
484,COC(=O)C1=C(Br)C2CCC1C2
485,CC(=O)C1=C(c2ccccc2)C2CCC1C2
486,COC(=O)C1=C(C)C2CCC1C2
487,COC(=O)C1=C(C(=O)OC)C2CCC1C2
488,COC(=O)C1=C(F)C2CCC1C2
489,CNC(=O)C1=C(Br)C2CCC1C2
490,N#CC1=C(Br)C2CCC1C2
491,C1=C(c2ccccc2)C2CCC1C2
492,COC(=O)C1=CC2CCC1C2
493,CNC(=O)C1=C(Cl)C2CCC1C2
494,CNC(=O)C1=C(C(C)=O)C2CCC1C2
495,COC(=O)C1=C(F)C2CCC1C2
496,COC(=O)C1=C(Cl)C2CCC1C2
497,C1=CC2CCC1C2
498,CC1=C(C)C2CCC1C2
499,CC(=O)C1=CC2CCC1C2
500,FC(F)(F)C1=C(Br)C2CCC1C2
501,COC(=O)C1=C(Cl)C2CCC1C2
502,COC(=O)C1=C(C(C)=O)C2CCC1C2
503,CNC(=O)C1=C(OC)C2CCC1C2
504,FC1=C(Cl)C2CCC1C2
505,CNC(=O)C1=CC2CCC1C2
506,N#CC1=C(C#N)C2CCC1C2
507,COC(=O)C1=C(C)C2CCC1C2
508,CNC(=O)C1=C(Br)C2CCC1C2
509,CC1=C(Cl)C2CCC1C2
510,CC1=C(Br)C2CCC1C2
511,CC(=O)C1=C(c2ccccc2)C2CCC1C2
512,CC(=O)C1=C(c2ccccc2)C2CCC1C2
513,COC(=O)C1=C(Cl)C2CCC1C2
514,FC1=CC2CCC1C2
515,CNC(=O)C1=C(C)C2CCC1C2
516,FC1=C(c2ccccc2)C2CCC1C2
517,CC1=C(Br)C2CCC1C2
518,CC(=O)C1=C(C#N)C2CCC1C2
519,COC1=C(Br)C2CCC1C2
520,CNC(=O)C1=C(F)C2CCC1C2
521,CNC(=O)C1=C(Cl)C2CCC1C2
522,CC(=O)C1=C(F)C2CCC1C2
523,CNC(=O)C1=C(F)C2CCC1C2
524,FC(F)(F)C1=C(C(F)(F)F)C2CCC1C2
525,CC1=C(C(F)(F)F)C2CCC1C2
526,COC1=C(c2ccccc2)C2CCC1C2
527,COC(=O)C1=C(F)C2CCC1C2
528,C1=C(c2ccccc2)C2CCC1C2
529,COC(=O)C1=C(Br)C2CCC1C2
530,FC(F)(F)C1=C(Cl)C2CCC1C2
531,COC(=O)C1=CC2CCC1C2
532,COC1=C(F)C2CCC1C2
533,COC1=C(C(F)(F)F)C2CCC1C2
534,CC1=C(Br)C2CCC1C2
535,COC(=O)C1=C(C)C2CCC1C2
536,N#CC1=C(c2ccccc2)C2CCC1C2
537,COC(=O)C1=C(C(=O)OC)C2CCC1C2
538,CC(=O)C1=C(Cl)C2CCC1C2
539,CNC(=O)C1=CC2CCC1C2
540,COC(=O)C1=C(C(=O)OC)C2CCC1C2
541,COC1=C(C)C2CCC1C2
542,N#CC1=C(c2ccccc2)C2CCC1C2
543,CNC(=O)C1=C(c2ccccc2)C2CCC1C2
544,COC1=C(C(C)=O)C2CCC1C2
545,CC(=O)C1=C(C#N)C2CCC1C2
546,COC1=C(C(C)=O)C2CCC1C2
547,C1=CC2CCC1C2
548,CC1=C(Cl)C2CCC1C2
549,COC(=O)C1=C(C)C2CCC1C2
550,FC(F)(F)C1=C(C(F)(F)F)C2CCC1C2
551,ClC1=C(Br)C2CCC1C2
552,CNC(=O)C1=C(C(C)=O)C2CCC1C2
553,N#CC1=C(c2ccccc2)C2CCC1C2
554,CC(=O)C1=C(c2ccccc2)C2CCC1C2
555,COC(=O)C1=C(C(=O)OC)C2CCC1C2
556,CC1=CC2CCC1C2
557,CC(=O)C1=C(Cl)C2CCC1C2
558,BrC1=C(Br)C2CCC1C2
559,CNC(=O)C1=CC2CCC1C2
560,CC(=O)C1=C(Br)C2CCC1C2
561,FC(F)(F)C1=C(Cl)C2CCC1C2
562,FC1=CC2CCC1C2
563,COC(=O)C1=CC2CCC1C2
564,CNC(=O)C1=C(Cl)C2CCC1C2
565,COC(=O)C1=C(Cl)C2CCC1C2
566,N#CC1=C(C#N)C2CCC1C2
567,CC(=O)C1=C(C(F)(F)F)C2CCC1C2
568,COC(=O)C1=CC2CCC1C2
569,COC(=O)C1=CC2CCC1C2
570,FC1=C(c2ccccc2)C2CCC1C2
571,CC1=C(c2ccccc2)C2CCC1C2
572,CC(=O)C1=C(C(F)(F)F)C2CCC1C2
573,CNC(=O)C1=C(c2ccccc2)C2CCC1C2
574,FC1=C(c2ccccc2)C2CCC1C2
575,FC1=CC2CCC1C2
576,N#CC1=C(c2ccccc2)C2CCC1C2
577,CNC(=O)C1=C(OC)C2CCC1C2
578,COC(=O)C1=C(F)C2CCC1C2
579,COC(=O)C1=C(C(F)(F)F)C2CCC1C2
580,CC(=O)C1=C(C#N)C2CCC1C2
581,COC(=O)C1=C(C(C)=O)C2CCC1C2
582,FC1=CC2CCC1C2
583,COC1=CC2CCC1C2
584,FC(F)(F)C1=C(c2ccccc2)C2CCC1C2
585,N#CC1=C(Br)C2CCC1C2
586,COC1=C(Cl)C2CCC1C2
587,ClC1=C(Br)C2CCC1C2
588,N#CC1=C(c2ccccc2)C2CCC1C2
589,CC(=O)C1=CC2CCC1C2
590,N#CC1=C(Cl)C2CCC1C2
591,CC1=C(Br)C2CCC1C2
592,CNC(=O)C1=C(F)C2CCC1C2
593,FC1=C(F)C2CCC1C2
594,CC1=C(F)C2CCC1C2
595,COC(=O)C1=C(OC)C2CCC1C2
596,ClC1=CC2CCC1C2
597,c1ccc(C2=C(c3ccccc3)C3CCC2C3)cc1
598,CC1=C(F)C2CCC1C2
599,CC(=O)C1=C(c2ccccc2)C2CCC1C2
600,N#CC1=C(C(F)(F)F)C2CCC1C2
601,c1ccc(C2=C(c3ccccc3)C3CCC2C3)cc1
602,FC(F)(F)C1=C(C(F)(F)F)C2CCC1C2
603,CNC(=O)C1=C(c2ccccc2)C2CCC1C2
604,COC1=C(Br)C2CCC1C2
605,N#CC1=C(F)C2CCC1C2
606,FC1=C(Cl)C2CCC1C2
607,CC(=O)C1=C(Br)C2CCC1C2
608,CNC(=O)C1=C(F)C2CCC1C2
609,COC1=C(C(F)(F)F)C2CCC1C2
610,FC1=C(Br)C2CCC1C2
611,CC1=C(Cl)C2CCC1C2
612,N#CC1=C(C#N)C2CCC1C2
613,COC(=O)C1=C(C(C)=O)C2CCC1C2
614,FC(F)(F)C1=CC2CCC1C2
615,FC(F)(F)C1=CC2CCC1C2
616,ClC1=C(c2ccccc2)C2CCC1C2
617,FC(F)(F)C1=C(Cl)C2CCC1C2
618,ClC1=C(Cl)C2CCC1C2
619,FC(F)(F)C1=C(c2ccccc2)C2CCC1C2
620,C1=C(c2ccccc2)C2CCC1C2
621,FC(F)(F)C1=C(Br)C2CCC1C2
622,C1=CC2CCC1C2
623,FC1=C(Br)C2CCC1C2
624,CC(=O)C1=C(Cl)C2CCC1C2
625,FC(F)(F)C1=C(C(F)(F)F)C2CCC1C2
626,CC(=O)C1=C(C#N)C2CCC1C2
627,CNC(=O)C1=C(F)C2CCC1C2
628,COC(=O)C1=C(C#N)C2CCC1C2
629,CNC(=O)C1=C(C#N)C2CCC1C2
630,CC1=C(C(F)(F)F)C2CCC1C2
631,CNC(=O)C1=C(Br)C2CCC1C2
632,CC1=C(C(F)(F)F)C2CCC1C2
633,FC(F)(F)C1=CC2CCC1C2
634,COC1=C(c2ccccc2)C2CCC1C2
635,CNC(=O)C1=CC2CCC1C2
636,COC1=C(Cl)C2CCC1C2
637,COC(=O)C1=C(F)C2CCC1C2
638,COC1=CC2CCC1C2
639,CNC(=O)C1=C(C(C)=O)C2CCC1C2
640,CNC(=O)C1=C(C)C2CCC1C2
641,N#CC1=C(Br)C2CCC1C2
642,CNC(=O)C1=C(C#N)C2CCC1C2
643,FC1=C(F)C2CCC1C2
644,COC(=O)C1=CC2CCC1C2
645,CC(=O)C1=C(Cl)C2CCC1C2
646,COC1=C(C(F)(F)F)C2CCC1C2
647,C1=C(c2ccccc2)C2CCC1C2
648,N#CC1=C(Cl)C2CCC1C2
649,CNC(=O)C1=C(F)C2CCC1C2
650,ClC1=C(c2ccccc2)C2CCC1C2
651,FC(F)(F)C1=C(c2ccccc2)C2CCC1C2
652,FC(F)(F)C1=C(Cl)C2CCC1C2
653,ClC1=C(Cl)C2CCC1C2
654,CC(=O)C1=C(C#N)C2CCC1C2
655,CC1=C(C)C2CCC1C2
656,N#CC1=C(C(F)(F)F)C2CCC1C2
657,CC(=O)C1=C(Cl)C2CCC1C2
658,BrC1=CC2CCC1C2
659,COC1=CC2CCC1C2
660,CC1=C(c2ccccc2)C2CCC1C2
661,CC1=C(c2ccccc2)C2CCC1C2
662,CC(=O)C1=C(Cl)C2CCC1C2
663,COC(=O)C1=C(C(C)=O)C2CCC1C2
664,CNC(=O)C1=C(OC)C2CCC1C2
665,CC1=C(C#N)C2CCC1C2
666,COC(=O)C1=C(Br)C2CCC1C2
667,CC(=O)C1=C(C)C2CCC1C2
668,CC1=C(C(F)(F)F)C2CCC1C2
669,FC1=C(F)C2CCC1C2
670,CNC(=O)C1=C(C)C2CCC1C2
671,N#CC1=C(Cl)C2CCC1C2
672,CNC(=O)C1=C(Br)C2CCC1C2
673,CNC(=O)C1=CC2CCC1C2
674,BrC1=C(c2ccccc2)C2CCC1C2
675,CC1=C(C#N)C2CCC1C2
676,CNC(=O)C1=C(C(F)(F)F)C2CCC1C2
677,COC(=O)C1=C(C#N)C2CCC1C2
678,N#CC1=C(Cl)C2CCC1C2
679,CNC(=O)C1=C(C)C2CCC1C2
680,CC(=O)C1=CC2CCC1C2
681,N#CC1=C(Br)C2CCC1C2
682,COC1=C(F)C2CCC1C2
683,CC1=C(Cl)C2CCC1C2
684,FC1=C(Cl)C2CCC1C2
685,CC(=O)C1=C(C)C2CCC1C2
686,C1=CC2CCC1C2
687,CNC(=O)C1=C(Br)C2CCC1C2
688,FC1=C(Cl)C2CCC1C2
689,COC(=O)C1=C(C)C2CCC1C2
690,N#CC1=CC2CCC1C2
691,CNC(=O)C1=C(C)C2CCC1C2
692,CNC(=O)C1=C(Br)C2CCC1C2
693,COC(=O)C1=C(C#N)C2CCC1C2
694,COC(=O)C1=CC2CCC1C2
695,COC1=C(C(F)(F)F)C2CCC1C2
696,CC1=C(C)C2CCC1C2
697,COC1=C(OC)C2CCC1C2
698,COC(=O)C1=C(c2ccccc2)C2CCC1C2
699,COC1=C(c2ccccc2)C2CCC1C2
700,N#CC1=C(Br)C2C=CC1O2
701,COC(=O)C1=C(F)C2C=CC1O2
702,ClC1=CC2C=CC1O2
703,COC(=O)C1=C(Cl)C2C=CC1O2
704,FC(F)(F)C1=C(C(F)(F)F)C2C=CC1O2
705,CC(=O)C1=C(Br)C2C=CC1O2
706,FC1=C(F)C2C=CC1O2
707,CC1=C(c2ccccc2)C2C=CC1O2
708,CC1=C(C#N)C2C=CC1O2
709,C1=CC2OC1C=C2c1ccccc1
710,CNC(=O)C1=C(C(=O)OC)C2C=CC1O2
711,CNC(=O)C1=C(Cl)C2C=CC1O2
712,CC(=O)C1=C(Br)C2C=CC1O2
713,N#CC1=C(F)C2C=CC1O2
714,FC1=C(C(F)(F)F)C2C=CC1O2
715,CC(=O)C1=C(C#N)C2C=CC1O2
716,CNC(=O)C1=CC2C=CC1O2
717,COC(=O)C1=C(Cl)C2C=CC1O2
718,CC(=O)C1=C(Br)C2C=CC1O2
719,COC1=C(F)C2C=CC1O2
720,CC(=O)C1=C(C(F)(F)F)C2C=CC1O2
721,FC1=CC2C=CC1O2
722,N#CC1=C(Br)C2C=CC1O2
723,CC(=O)C1=C(Br)C2C=CC1O2
724,FC(F)(F)C1=CC2C=CC1O2
725,CNC(=O)C1=C(F)C2C=CC1O2
726,BrC1=C(Br)C2C=CC1O2
727,COC(=O)C1=C(C(C)=O)C2C=CC1O2
728,COC(=O)C1=C(C(C)=O)C2C=CC1O2
729,FC(F)(F)C1=C(Cl)C2C=CC1O2
730,COC1=CC2C=CC1O2
731,COC1=C(c2ccccc2)C2C=CC1O2
732,COC(=O)C1=C(OC)C2C=CC1O2
733,CNC(=O)C1=C(F)C2C=CC1O2
734,CC(=O)C1=C(c2ccccc2)C2C=CC1O2
735,CNC(=O)C1=C(c2ccccc2)C2C=CC1O2
736,COC1=C(c2ccccc2)C2C=CC1O2
737,COC(=O)C1=C(C)C2C=CC1O2
738,FC1=C(F)C2C=CC1O2
739,COC(=O)C1=C(c2ccccc2)C2C=CC1O2
740,BrC1=C(Br)C2C=CC1O2
741,CC(=O)C1=C(Br)C2C=CC1O2
742,FC1=CC2C=CC1O2
743,COC1=C(C(C)=O)C2C=CC1O2
744,COC(=O)C1=C(c2ccccc2)C2C=CC1O2
745,N#CC1=C(C#N)C2C=CC1O2
746,FC1=C(F)C2C=CC1O2
747,N#CC1=C(c2ccccc2)C2C=CC1O2
748,N#CC1=C(F)C2C=CC1O2
749,CC1=C(C)C2C=CC1O2
750,COC1=C(c2ccccc2)C2C=CC1O2
751,COC1=CC2C=CC1O2
752,ClC1=C(Cl)C2C=CC1O2
753,CNC(=O)C1=C(C#N)C2C=CC1O2
754,COC(=O)C1=C(C)C2C=CC1O2
755,N#CC1=C(C#N)C2C=CC1O2
756,N#CC1=CC2C=CC1O2
757,COC(=O)C1=C(Cl)C2C=CC1O2
758,CC1=C(C#N)C2C=CC1O2
759,COC1=C(Br)C2C=CC1O2
760,N#CC1=C(Cl)C2C=CC1O2
761,FC1=C(F)C2C=CC1O2
762,FC1=C(C(F)(F)F)C2C=CC1O2
763,CNC(=O)C1=C(C#N)C2C=CC1O2
764,FC1=C(F)C2C=CC1O2
765,ClC1=CC2C=CC1O2
766,N#CC1=C(Cl)C2C=CC1O2
767,BrC1=C(c2ccccc2)C2C=CC1O2
768,COC(=O)C1=C(c2ccccc2)C2C=CC1O2
769,FC(F)(F)C1=C(C(F)(F)F)C2C=CC1O2
770,BrC1=CC2C=CC1O2
771,C1=CC2OC1C=C2c1ccccc1
772,COC(=O)C1=C(Cl)C2C=CC1O2
773,ClC1=C(Br)C2C=CC1O2
774,COC1=C(Cl)C2C=CC1O2
775,CNC(=O)C1=C(C(C)=O)C2C=CC1O2
776,CC(=O)C1=CC2C=CC1O2
777,COC(=O)C1=C(c2ccccc2)C2C=CC1O2
778,COC1=C(C(F)(F)F)C2C=CC1O2
779,COC1=C(Br)C2C=CC1O2
780,BrC1=C(c2ccccc2)C2C=CC1O2
781,N#CC1=C(C#N)C2C=CC1O2
782,COC(=O)C1=CC2C=CC1O2
783,FC(F)(F)C1=C(Br)C2C=CC1O2
784,COC(=O)C1=C(C(C)=O)C2C=CC1O2
785,CNC(=O)C1=C(Br)C2C=CC1O2
786,COC(=O)C1=C(OC)C2C=CC1O2
787,FC1=CC2C=CC1O2
788,C1=CC2OC1C(c1ccccc1)=C2c1ccccc1
789,CC1=C(C)C2C=CC1O2
790,FC1=CC2C=CC1O2
791,CC1=C(C)C2C=CC1O2
792,CC(=O)C1=C(C(C)=O)C2C=CC1O2
793,C1=CC2OC1C(c1ccccc1)=C2c1ccccc1
794,COC(=O)C1=C(F)C2C=CC1O2
795,FC(F)(F)C1=C(C(F)(F)F)C2C=CC1O2
796,C1=CC2C=CC1O2
797,ClC1=CC2C=CC1O2
798,CC1=CC2C=CC1O2
799,FC1=CC2C=CC1O2
800,C1=CC2C=CC1O2
801,COC(=O)C1=C(Cl)C2C=CC1O2
802,COC(=O)C1=C(C(C)=O)C2C=CC1O2
803,COC1=C(Br)C2C=CC1O2
804,CC1=C(Br)C2C=CC1O2
805,FC(F)(F)C1=CC2C=CC1O2
806,FC(F)(F)C1=CC2C=CC1O2
807,COC1=C(Cl)C2C=CC1O2
808,CC(=O)C1=C(C(F)(F)F)C2C=CC1O2
809,CC1=C(C(F)(F)F)C2C=CC1O2
810,CNC(=O)C1=C(C#N)C2C=CC1O2
811,CC1=C(c2ccccc2)C2C=CC1O2
812,FC1=CC2C=CC1O2
813,CC(=O)C1=C(C)C2C=CC1O2
814,CC1=C(C#N)C2C=CC1O2
815,COC(=O)C1=C(C(=O)OC)C2C=CC1O2
816,CC1=CC2C=CC1O2
817,COC1=C(C#N)C2C=CC1O2
818,CC(=O)C1=C(C)C2C=CC1O2
819,COC(=O)C1=C(C(F)(F)F)C2C=CC1O2
820,N#CC1=C(F)C2C=CC1O2
821,CC(=O)C1=C(C#N)C2C=CC1O2
822,COC(=O)C1=C(F)C2C=CC1O2
823,C1=CC2OC1C(c1ccccc1)=C2c1ccccc1
824,N#CC1=CC2C=CC1O2
825,CNC(=O)C1=C(c2ccccc2)C2C=CC1O2
826,COC(=O)C1=C(C(F)(F)F)C2C=CC1O2
827,COC(=O)C1=C(c2ccccc2)C2C=CC1O2
828,CC1=C(C(F)(F)F)C2C=CC1O2
829,CNC(=O)C1=C(c2ccccc2)C2C=CC1O2
830,CC(=O)C1=C(C(F)(F)F)C2C=CC1O2
831,CC(=O)C1=C(c2ccccc2)C2C=CC1O2
832,CC(=O)C1=C(C)C2C=CC1O2
833,ClC1=CC2C=CC1O2
834,FC(F)(F)C1=C(c2ccccc2)C2C=CC1O2
835,CC1=C(F)C2C=CC1O2
836,CNC(=O)C1=C(C(C)=O)C2C=CC1O2
837,CC1=C(c2ccccc2)C2C=CC1O2
838,CC(=O)C1=C(C(F)(F)F)C2C=CC1O2
839,CC1=CC2C=CC1O2
840,COC1=CC2C=CC1O2
841,FC(F)(F)C1=C(C(F)(F)F)C2C=CC1O2
842,N#CC1=C(Cl)C2C=CC1O2
843,CC1=C(C(F)(F)F)C2C=CC1O2
844,COC1=C(C(C)=O)C2C=CC1O2
845,COC(=O)C1=C(C#N)C2C=CC1O2
846,FC1=C(c2ccccc2)C2C=CC1O2
847,CNC(=O)C1=C(C(F)(F)F)C2C=CC1O2
848,N#CC1=C(c2ccccc2)C2C=CC1O2
849,CC1=C(F)C2C=CC1O2
850,ClC1=C(c2ccccc2)C2C=CC1O2
851,COC(=O)C1=C(C(C)=O)C2C=CC1O2
852,COC1=C(C)C2C=CC1O2
853,COC1=C(C#N)C2C=CC1O2
854,FC1=C(F)C2C=CC1O2
855,COC1=C(C#N)C2C=CC1O2
856,CC(=O)C1=C(C)C2C=CC1O2
857,C1=CC2C=CC1O2
858,FC(F)(F)C1=C(c2ccccc2)C2C=CC1O2
859,ClC1=C(c2ccccc2)C2C=CC1O2
860,CNC(=O)C1=C(F)C2C=CC1O2
861,CC1=C(C#N)C2C=CC1O2
862,COC(=O)C1=C(Cl)C2C=CC1O2
863,COC1=C(Cl)C2C=CC1O2
864,COC1=C(c2ccccc2)C2C=CC1O2
865,COC1=C(C)C2C=CC1O2
866,CNC(=O)C1=C(C(=O)OC)C2C=CC1O2
867,COC(=O)C1=C(C(F)(F)F)C2C=CC1O2
868,CNC(=O)C1=C(F)C2C=CC1O2
869,ClC1=CC2C=CC1O2
870,COC1=CC2C=CC1O2
871,CNC(=O)C1=C(OC)C2C=CC1O2
872,CC(=O)C1=CC2C=CC1O2
873,CC1=C(Br)C2C=CC1O2
874,COC1=CC2C=CC1O2
875,C1=CC2OC1C(c1ccccc1)=C2c1ccccc1
876,FC(F)(F)C1=CC2C=CC1O2
877,COC1=C(Cl)C2C=CC1O2
878,BrC1=C(Br)C2C=CC1O2
879,FC(F)(F)C1=C(c2ccccc2)C2C=CC1O2
880,COC(=O)C1=C(C#N)C2C=CC1O2
881,N#CC1=CC2C=CC1O2
882,BrC1=CC2C=CC1O2
883,COC1=C(Cl)C2C=CC1O2
884,CC(=O)C1=C(C(C)=O)C2C=CC1O2
885,COC1=C(Br)C2C=CC1O2
886,FC(F)(F)C1=C(Cl)C2C=CC1O2
887,COC(=O)C1=C(F)C2C=CC1O2
888,COC(=O)C1=C(c2ccccc2)C2C=CC1O2
889,FC(F)(F)C1=C(C(F)(F)F)C2C=CC1O2
890,ClC1=C(Br)C2C=CC1O2
891,ClC1=C(c2ccccc2)C2C=CC1O2
892,CC1=C(c2ccccc2)C2C=CC1O2
893,N#CC1=C(Cl)C2C=CC1O2
894,COC1=C(C#N)C2C=CC1O2
895,CNC(=O)C1=C(C(C)=O)C2C=CC1O2
896,COC(=O)C1=C(C#N)C2C=CC1O2
897,FC1=C(F)C2C=CC1O2
898,CNC(=O)C1=C(Cl)C2C=CC1O2
899,CNC(=O)C1=C(OC)C2C=CC1O2
900,C1=CC2OC1C=C2c1ccccc1
901,COC(=O)C1=C(C)C2C=CC1O2
902,CC1=C(C(F)(F)F)C2C=CC1O2
903,COC(=O)C1=C(C(C)=O)C2C=CC1O2
904,COC(=O)C1=C(OC)C2C=CC1O2
905,CC(=O)C1=C(c2ccccc2)C2C=CC1O2
906,FC1=C(Br)C2C=CC1O2
907,CNC(=O)C1=C(C)C2C=CC1O2
908,BrC1=C(Br)C2C=CC1O2
909,CC(=O)C1=C(C(F)(F)F)C2C=CC1O2
910,COC1=C(C)C2C=CC1O2
911,CNC(=O)C1=C(OC)C2C=CC1O2
912,N#CC1=C(Cl)C2C=CC1O2
913,CNC(=O)C1=C(OC)C2C=CC1O2
914,CC(=O)C1=C(F)C2C=CC1O2
915,CC(=O)C1=C(C(C)=O)C2C=CC1O2
916,N#CC1=C(Br)C2C=CC1O2
917,FC1=C(Cl)C2C=CC1O2
918,BrC1=C(Br)C2C=CC1O2
919,CC1=C(Cl)C2C=CC1O2
920,COC1=C(OC)C2C=CC1O2
921,COC(=O)C1=C(Br)C2C=CC1O2
922,COC(=O)C1=C(c2ccccc2)C2C=CC1O2
923,CNC(=O)C1=C(C(=O)NC)C2C=CC1O2
924,CC1=C(Br)C2C=CC1O2
925,FC1=C(Cl)C2C=CC1O2
926,FC(F)(F)C1=C(Cl)C2C=CC1O2
927,FC1=C(F)C2C=CC1O2
928,CNC(=O)C1=C(Br)C2C=CC1O2
929,CC1=C(F)C2C=CC1O2
930,FC1=C(Br)C2C=CC1O2
931,CC(=O)C1=C(C)C2C=CC1O2
932,COC1=C(C#N)C2C=CC1O2
933,CC1=C(C(F)(F)F)C2C=CC1O2
934,CC(=O)C1=C(c2ccccc2)C2C=CC1O2
935,FC1=C(C(F)(F)F)C2C=CC1O2
936,COC1=C(Br)C2C=CC1O2
937,CC(=O)C1=C(Br)C2C=CC1O2
938,COC(=O)C1=C(C(C)=O)C2C=CC1O2
939,CNC(=O)C1=C(C(C)=O)C2C=CC1O2
940,C1=CC2C=CC1O2
941,CC(=O)C1=C(C)C2C=CC1O2
942,CC(=O)C1=C(C)C2C=CC1O2
943,CNC(=O)C1=C(C(=O)OC)C2C=CC1O2
944,FC1=C(Br)C2C=CC1O2
945,COC1=C(OC)C2C=CC1O2
946,FC(F)(F)C1=CC2C=CC1O2
947,COC(=O)C1=CC2C=CC1O2
948,CNC(=O)C1=C(c2ccccc2)C2C=CC1O2
949,C1=CC2C=CC1O2
950,COC(=O)C1=C(Cl)C2C=CC1O2
951,COC(=O)C1=C(C(=O)OC)C2C=CC1O2
952,CC1=C(C)C2C=CC1O2
953,CNC(=O)C1=C(c2ccccc2)C2C=CC1O2
954,CC1=C(C#N)C2C=CC1O2
955,FC1=C(F)C2C=CC1O2
956,FC1=C(F)C2C=CC1O2
957,CC1=C(Br)C2C=CC1O2
958,CC1=C(Br)C2C=CC1O2
959,FC1=C(F)C2C=CC1O2
960,FC(F)(F)C1=C(Br)C2C=CC1O2
961,N#CC1=C(C#N)C2C=CC1O2
962,FC1=C(Br)C2C=CC1O2
963,COC1=C(Cl)C2C=CC1O2
964,C1=CC2OC1C=C2c1ccccc1
965,COC(=O)C1=C(C)C2C=CC1O2
966,CC(=O)C1=C(C(F)(F)F)C2C=CC1O2
967,FC(F)(F)C1=CC2C=CC1O2
968,FC1=C(Cl)C2C=CC1O2
969,CC(=O)C1=C(c2ccccc2)C2C=CC1O2
970,N#CC1=C(C#N)C2C=CC1O2
971,CC(=O)C1=C(Cl)C2C=CC1O2
972,FC(F)(F)C1=C(C(F)(F)F)C2C=CC1O2
973,COC1=C(Cl)C2C=CC1O2
974,CNC(=O)C1=C(Cl)C2C=CC1O2
975,COC(=O)C1=C(Br)C2C=CC1O2
976,FC1=CC2C=CC1O2
977,COC1=C(C)C2C=CC1O2
978,COC(=O)C1=CC2C=CC1O2
979,COC(=O)C1=CC2C=CC1O2
980,ClC1=CC2C=CC1O2
981,CNC(=O)C1=C(C(F)(F)F)C2C=CC1O2
982,N#CC1=C(Br)C2C=CC1O2
983,C1=CC2C=CC1O2
984,CNC(=O)C1=C(C(F)(F)F)C2C=CC1O2
985,BrC1=C(Br)C2C=CC1O2
986,FC1=CC2C=CC1O2
987,COC(=O)C1=C(F)C2C=CC1O2
988,FC(F)(F)C1=CC2C=CC1O2
989,FC(F)(F)C1=C(C(F)(F)F)C2C=CC1O2
990,CNC(=O)C1=C(C)C2C=CC1O2
991,CC(=O)C1=C(F)C2C=CC1O2
992,FC1=C(C(F)(F)F)C2C=CC1O2
993,CC1=C(C#N)C2C=CC1O2
994,CNC(=O)C1=C(C(=O)NC)C2C=CC1O2
995,COC1=C(Br)C2C=CC1O2
996,FC(F)(F)C1=C(Cl)C2C=CC1O2
997,CNC(=O)C1=C(c2ccccc2)C2C=CC1O2
998,COC(=O)C1=C(F)C2C=CC1O2
999,COC(=O)C1=C(C#N)C2C=CC1O2
1000,CC1(C)C#CC(Cl)(Br)CCCC1
1001,COC1(OC)C#CC(C#N)(C(C)=O)CCCC1
1002,CC1(C)C#CC(F)CCCC1
1003,COC(=O)C1(C(=O)OC)C#CC(OC)(C(F)(F)F)CCCC1
1004,COC(=O)C1(C#N)C#CC(C)(C)CCCC1
1005,CC1(F)C#CC(Cl)(Cl)CCCC1
1006,CNC(=O)C1(c2ccccc2)C#CC(Cl)(Cl)CCCC1
1007,COC1(OC)C#CC(C#N)(c2ccccc2)CCCC1
1008,COC1(OC)C#CC(Cl)(Br)CCCC1
1009,CNC(=O)C1(OC)C#CC(C(C)=O)(C(C)=O)CCCC1
1010,CC(=O)C1(Cl)C#CC(C)(C)CCCC1
1011,CC1(C)C#CC(c2ccccc2)CCCC1
1012,N#CC1(C(F)(F)F)C#CC(C(F)(F)F)(C(F)(F)F)CCCC1
1013,CC1(C)C#CC(C#N)(C#N)CCCC1
1014,CNC(=O)C1C#CC(C)(C)CCCC1
1015,N#CC1C#CC(C#N)(C#N)CCCC1
1016,COC(=O)C1(C(C)=O)C#CC(Cl)(Cl)CCCC1
1017,COC1(OC)C#CC(Br)(C(C)=O)CCCC1
1018,COC1(C#N)C#CC(Cl)(Cl)CCCC1
1019,CC(=O)C1(C(C)=O)C#CC(F)(C(F)(F)F)CCCC1
1020,BrC1(c2ccccc2)C#CC(c2ccccc2)(c2ccccc2)CCCC1
1021,CNC(=O)C1(C(=O)NC)C#CC(F)(Cl)CCCC1
1022,COC(=O)C1(Cl)C#CC(c2ccccc2)(c2ccccc2)CCCC1
1023,COC1(C)C#CC(OC)(OC)CCCC1
1024,CC1(F)C#CC(F)(F)CCCC1
1025,N#CC1(c2ccccc2)C#CC(Br)(Br)CCCC1
1026,FC1(F)C#CC(Br)(c2ccccc2)CCCC1
1027,CNC(=O)C1(C)C#CC(C(=O)OC)(C(=O)OC)CCCC1
1028,COC1(C#N)C#CC(Br)(Br)CCCC1
1029,COC(=O)C1(C)C#CC(C)(C)CCCC1
1030,CC(=O)C1(c2ccccc2)C#CC(c2ccccc2)(c2ccccc2)CCCC1
1031,N#CC1(C#N)C#CCCCCC1
1032,COC1(OC)C#CC(C)(F)CCCC1
1033,COC(=O)C1(C#N)C#CC(C)(C)CCCC1
1034,COC(=O)C1(F)C#CC(C(C)=O)(C(C)=O)CCCC1
1035,CC1(C#N)C#CC(c2ccccc2)(c2ccccc2)CCCC1
1036,N#CC1(C#N)C#CC(Cl)(Br)CCCC1
1037,COC1(C#N)C#CC(C(F)(F)F)(C(F)(F)F)CCCC1
1038,CC1(C)C#CC(F)(Cl)CCCC1
1039,COC(=O)C1(F)C#CC(Br)(Br)CCCC1
1040,CC(=O)C1(C(C)=O)C#CC(Cl)(Br)CCCC1
1041,CC1(C)C#CC(c2ccccc2)CCCC1
1042,ClC1(Cl)C#CC(Br)(c2ccccc2)CCCC1
1043,COC(=O)C1(C(=O)OC)C#CC(Br)(Br)CCCC1
1044,CC(=O)C1C#CCCCCC1
1045,FC1(F)C#CC(C(F)(F)F)(C(F)(F)F)CCCC1
1046,CC1(F)C#CC(Br)(Br)CCCC1
1047,CC(=O)C1(C)C#CCCCCC1
1048,FC1(Br)C#CC(C(F)(F)F)(C(F)(F)F)CCCC1
1049,CNC(=O)C1(C(F)(F)F)C#CCCCCC1
1050,N#CC1(C#N)C#CC(Br)CCCC1
1051,CC(=O)C1(C)C#CC(C#N)(C#N)CCCC1
1052,CC1(C#N)C#CC(C#N)(C#N)CCCC1
1053,CNC(=O)C1(C(=O)NC)C#CC(Cl)(C(=O)OC)CCCC1
1054,CNC(=O)C1(C(=O)OC)C#CC(C(C)=O)(C(C)=O)CCCC1
1055,N#CC1(F)C#CCCCCC1
1056,N#CC1(Cl)C#CC(F)(F)CCCC1
1057,CNC(=O)C1(C)C#CC(c2ccccc2)(c2ccccc2)CCCC1
1058,CNC(=O)C1C#CC(C(=O)OC)(C(=O)OC)CCCC1
1059,CNC(=O)C1(c2ccccc2)C#CC(C(C)=O)(C(C)=O)CCCC1
1060,CNC(=O)C1(C(=O)NC)C#CC(C(=O)NC)(C(F)(F)F)CCCC1
1061,CNC(=O)C1(C(=O)NC)C#CC(C)(C#N)CCCC1
1062,CC(=O)C1C#CC(C)(C)CCCC1
1063,COC1C#CC(C#N)(C#N)CCCC1
1064,COC(=O)C1(C)C#CC(Br)(Br)CCCC1
1065,FC(F)(F)C1(Cl)C#CC(Br)(Br)CCCC1
1066,CNC(=O)C1(Br)C#CCCCCC1
1067,CNC(=O)C1(Br)C#CC(OC)(OC)CCCC1
1068,CC(=O)C1(C#N)C#CC(F)(F)CCCC1
1069,CNC(=O)C1(Cl)C#CC(C#N)(C#N)CCCC1
1070,N#CC1(c2ccccc2)C#CC(C(F)(F)F)(C(F)(F)F)CCCC1
1071,N#CC1(C#N)C#CC(c2ccccc2)(c2ccccc2)CCCC1
1072,COC1(F)C#CC(Cl)(Cl)CCCC1
1073,COC(=O)C1(C(C)=O)C#CC(C(F)(F)F)(C(F)(F)F)CCCC1
1074,COC1(OC)C#CC(OC)(OC)CCCC1
1075,FC(F)(F)C1(c2ccccc2)C#CC(Br)(Br)CCCC1
1076,COC(=O)C1(C(=O)OC)C#CC(OC)(c2ccccc2)CCCC1
1077,COC(=O)C1(C(=O)OC)C#CC(Br)(c2ccccc2)CCCC1
1078,CNC(=O)C1(Br)C#CC(Br)(Br)CCCC1
1079,CC(=O)C1(C#N)C#CC(C)(C)CCCC1
1080,CC1(Cl)C#CC(Br)(Br)CCCC1
1081,CNC(=O)C1(C(F)(F)F)C#CC(Cl)(Cl)CCCC1
1082,CNC(=O)C1(c2ccccc2)C#CC(Br)(Br)CCCC1
1083,N#CC1(C#N)C#CC(F)(Br)CCCC1
1084,CNC(=O)C1(C(=O)NC)C#CC(C#N)(C#N)CCCC1
1085,COC(=O)C1(C(=O)OC)C#CC(C(C)=O)CCCC1
1086,COC(=O)C1(OC)C#CC(c2ccccc2)(c2ccccc2)CCCC1
1087,CC1(Br)C#CC(F)(F)CCCC1
1088,CC1(c2ccccc2)C#CC(C#N)(C#N)CCCC1
1089,CNC(=O)C1(C(=O)OC)C#CC(C#N)(C#N)CCCC1
1090,COC(=O)C1(C(=O)OC)C#CC(C)(Br)CCCC1
1091,COC1(c2ccccc2)C#CC(Cl)(Cl)CCCC1
1092,CNC(=O)C1(C(=O)NC)C#CC(c2ccccc2)CCCC1
1093,CNC(=O)C1(C(=O)NC)C#CC(C(=O)OC)(C(F)(F)F)CCCC1
1094,COC1(F)C#CC(Br)(Br)CCCC1
1095,COC(=O)C1(C#N)C#CC(c2ccccc2)(c2ccccc2)CCCC1
1096,COC1(OC)C#CC(C#N)(C#N)CCCC1
1097,COC(=O)C1(C#N)C#CC(C(F)(F)F)(C(F)(F)F)CCCC1
1098,COC(=O)C1C#CC(OC)(OC)CCCC1
1099,COC(=O)C1(C(C)=O)C#CC(C)(C)CCCC1
1100,COC1C#CC(C(F)(F)F)(C(F)(F)F)CCCC1
1101,CNC(=O)C1C#CC(Br)(Br)CCCC1
1102,CC(=O)C1(C(C)=O)C#CC(c2ccccc2)(c2ccccc2)CCCC1
1103,COC(=O)C1(C)C#CC(c2ccccc2)(c2ccccc2)CCCC1
1104,CNC(=O)C1(C)C#CC(C(F)(F)F)(C(F)(F)F)CCCC1
1105,CC1(C#N)C#CC(c2ccccc2)(c2ccccc2)CCCC1
1106,CC(=O)C1(Cl)C#CC(C(C)=O)(C(C)=O)CCCC1
1107,CNC(=O)C1(C#N)C#CC(C#N)(C#N)CCCC1
1108,CNC(=O)C1(c2ccccc2)C#CC(C(F)(F)F)(C(F)(F)F)CCCC1
1109,CC(=O)C1(c2ccccc2)C#CC(Br)(Br)CCCC1
1110,CC(=O)C1(C#N)C#CC(Cl)(Cl)CCCC1
1111,CNC(=O)C1(C(=O)NC)C#CC(C(=O)NC)(C(F)(F)F)CCCC1
1112,N#CC1C#CC(Br)(Br)CCCC1
1113,FC(F)(F)C1(C(F)(F)F)C#CC(Br)(Br)CCCC1
1114,CNC(=O)C1(C(=O)OC)C#CC(OC)(OC)CCCC1
1115,ClC1(Br)C#CCCCCC1
1116,CNC(=O)C1(OC)C#CC(C(=O)NC)(C(=O)NC)CCCC1
1117,CNC(=O)C1(C(=O)NC)C#CC(C)CCCC1
1118,COC1(OC)C#CC(F)(Cl)CCCC1
1119,CC(=O)C1(C(C)=O)C#CC(F)(c2ccccc2)CCCC1
1120,CC(=O)C1(C#N)C#CC(C#N)(C#N)CCCC1
1121,COC1(OC)C#CC(C)(C)CCCC1
1122,CC(=O)C1(c2ccccc2)C#CC(Br)(Br)CCCC1
1123,COC(=O)C1(C(C)=O)C#CC(Br)(Br)CCCC1
1124,COC1(F)C#CC(C(C)=O)(C(C)=O)CCCC1
1125,COC(=O)C1C#CC(c2ccccc2)(c2ccccc2)CCCC1
1126,CC(=O)C1(C(C)=O)C#CC(C#N)(C#N)CCCC1
1127,CNC(=O)C1(OC)C#CC(C(=O)OC)(C(=O)OC)CCCC1
1128,COC(=O)C1(F)C#CC(C)(C)CCCC1
1129,COC1(OC)C#CC(C)(C#N)CCCC1
1130,COC(=O)C1(Cl)C#CC(C(=O)OC)(C(=O)OC)CCCC1
1131,CNC(=O)C1(C(C)=O)C#CCCCCC1
1132,COC(=O)C1(C(C)=O)C#CC(C(=O)OC)(C(=O)OC)CCCC1
1133,FC(F)(F)C1(Cl)C#CC(Cl)(Cl)CCCC1
1134,COC(=O)C1(C)C#CC(c2ccccc2)(c2ccccc2)CCCC1
1135,CNC(=O)C1(Br)C#CC(Cl)(Cl)CCCC1
1136,COC(=O)C1(C(=O)OC)C#CC(Br)(C(C)=O)CCCC1
1137,ClC1(Cl)C#CC(Cl)(c2ccccc2)CCCC1
1138,CC(=O)C1(C)C#CC(Cl)(Cl)CCCC1
1139,COC1(C)C#CC(F)(F)CCCC1
1140,COC1(OC)C#CC(C(C)=O)(C(C)=O)CCCC1
1141,COC(=O)C1(Br)C#CC(Cl)(Cl)CCCC1
1142,COC(=O)C1(F)C#CC(F)(F)CCCC1
1143,COC1(OC)C#CC(Cl)(c2ccccc2)CCCC1
1144,COC(=O)C1C#CC(C#N)(C#N)CCCC1
1145,COC(=O)C1(C)C#CC(Cl)(Cl)CCCC1
1146,CNC(=O)C1(C)C#CC(OC)(OC)CCCC1
1147,COC(=O)C1C#CCCCCC1
1148,FC1C#CCCCCC1
1149,FC(F)(F)C1(F)C#CCCCCC1
1150,CNC(=O)C1(C(=O)NC)C#CC(C(C)=O)CCCC1
1151,CC(=O)C1(C(C)=O)C#CC(C(C)=O)(C(F)(F)F)CCCC1
1152,CC1(c2ccccc2)C#CC(Cl)(Cl)CCCC1
1153,CNC(=O)C1(C(=O)NC)C#CC(C#N)(c2ccccc2)CCCC1
1154,CC(=O)C1(C(C)=O)C#CC(C(F)(F)F)(C(F)(F)F)CCCC1
1155,N#CC1(C#N)C#CC(F)CCCC1
1156,COC(=O)C1(OC)C#CC(Br)(Br)CCCC1
1157,N#CC1C#CC(Br)(Br)CCCC1
1158,COC1(C#N)C#CC(OC)(OC)CCCC1
1159,COC1(Br)C#CC(c2ccccc2)(c2ccccc2)CCCC1
1160,CNC(=O)C1(C(=O)NC)C#CC(F)(c2ccccc2)CCCC1
1161,COC(=O)C1(C(=O)OC)C#CC(C)(Cl)CCCC1
1162,CC(=O)C1(c2ccccc2)C#CC(Br)(Br)CCCC1
1163,CC(=O)C1(Cl)C#CC(C#N)(C#N)CCCC1
1164,COC(=O)C1(C(=O)OC)C#CC(Br)(c2ccccc2)CCCC1
1165,CC1C#CC(Cl)(Cl)CCCC1
1166,CC(=O)C1(C(C)=O)C#CC(F)(C#N)CCCC1
1167,COC1(OC)C#CC(Cl)(Cl)CCCC1
1168,COC1(OC)C#CC(c2ccccc2)CCCC1
1169,C1#CC(c2ccccc2)(c2ccccc2)CCCCC1(c1ccccc1)c1ccccc1
1170,CNC(=O)C1(F)C#CC(c2ccccc2)(c2ccccc2)CCCC1
1171,CC1(C)C#CC(Cl)(Br)CCCC1
1172,CNC(=O)C1C#CC(C)(C)CCCC1
1173,CNC(=O)C1(C)C#CC(C#N)(C#N)CCCC1
1174,N#CC1(Cl)C#CC(c2ccccc2)(c2ccccc2)CCCC1
1175,FC1(F)C#CC(c2ccccc2)CCCC1
1176,COC(=O)C1(C(=O)OC)C#CC(Cl)CCCC1
1177,CC1(C)C#CC(C)(c2ccccc2)CCCC1
1178,N#CC1(C(F)(F)F)C#CC(C(F)(F)F)(C(F)(F)F)CCCC1
1179,N#CC1(C#N)C#CC(Cl)(c2ccccc2)CCCC1
1180,COC1(C(F)(F)F)C#CC(Cl)(Cl)CCCC1
1181,FC1(Br)C#CC(Br)(Br)CCCC1
1182,FC1(Br)C#CC(Br)(Br)CCCC1
1183,CNC(=O)C1(C(=O)OC)C#CC(c2ccccc2)(c2ccccc2)CCCC1
1184,COC1(OC)C#CC(C#N)(C(F)(F)F)CCCC1
1185,COC1(OC)C#CC(C#N)(c2ccccc2)CCCC1
1186,CNC(=O)C1C#CC(C#N)(C#N)CCCC1
1187,ClC1(Br)C#CC(Br)(Br)CCCC1
1188,COC1(OC)C#CC(C)(C(C)=O)CCCC1
1189,N#CC1(c2ccccc2)C#CC(Br)(Br)CCCC1
1190,COC(=O)C1(C(=O)OC)C#CC(F)(C#N)CCCC1
1191,COC(=O)C1(C#N)C#CC(c2ccccc2)(c2ccccc2)CCCC1
1192,CC1(F)C#CC(Cl)(Cl)CCCC1
1193,CC(=O)C1(C)C#CCCCCC1
1194,CC1(Cl)C#CC(F)(F)CCCC1
1195,CC1(C#N)C#CC(Br)(Br)CCCC1
1196,CNC(=O)C1(C(=O)NC)C#CC(F)(C#N)CCCC1
1197,CC(=O)C1(C(C)=O)C#CC(Cl)(C(F)(F)F)CCCC1
1198,COC1(F)C#CC(c2ccccc2)(c2ccccc2)CCCC1
1199,COC(=O)C1(C(F)(F)F)C#CC(C)(C)CCCC1
1200,COC1(F)C#CC(F)(F)CCCC1
1201,COC1(OC)C#CC(c2ccccc2)(c2ccccc2)CCCC1
1202,CC(=O)C1(Br)C#CC(C)(C)CCCC1
1203,CC(=O)C1(C(F)(F)F)C#CC(C)(C)CCCC1
1204,CC1(c2ccccc2)C#CCCCCC1
1205,CC1C#CC(c2ccccc2)(c2ccccc2)CCCC1
1206,CNC(=O)C1(C(=O)NC)C#CC(C(C)=O)CCCC1
1207,CNC(=O)C1(Br)C#CC(C(=O)NC)(C(=O)NC)CCCC1
1208,COC(=O)C1(C(C)=O)C#CC(C(F)(F)F)(C(F)(F)F)CCCC1
1209,COC1(OC)C#CC(F)CCCC1
1210,FC1(Br)C#CC(c2ccccc2)(c2ccccc2)CCCC1
1211,COC1(C#N)C#CC(c2ccccc2)(c2ccccc2)CCCC1
1212,COC(=O)C1(F)C#CC(Cl)(Cl)CCCC1
1213,CNC(=O)C1(Br)C#CC(C(C)=O)(C(C)=O)CCCC1
1214,CNC(=O)C1(C(=O)NC)C#CC(Br)(OC)CCCC1
1215,CC(=O)C1(C)C#CC(Br)(Br)CCCC1
1216,CC(=O)C1(C(F)(F)F)C#CCCCCC1
1217,N#CC1(C#N)C#CC(Br)CCCC1
1218,CC(=O)C1(c2ccccc2)C#CC(c2ccccc2)(c2ccccc2)CCCC1
1219,COC1(OC)C#CC(F)(C(F)(F)F)CCCC1
1220,CC1(F)C#CC(Br)(Br)CCCC1
1221,CC1(C)C#CC(C#N)(c2ccccc2)CCCC1
1222,CNC(=O)C1(Cl)C#CC(Br)(Br)CCCC1
1223,COC1C#CC(Cl)(Cl)CCCC1
1224,COC(=O)C1(Cl)C#CC(C(F)(F)F)(C(F)(F)F)CCCC1
1225,CC1C#CC(F)(F)CCCC1
1226,CC(=O)C1(F)C#CC(C(C)=O)(C(C)=O)CCCC1
1227,CC(=O)C1(C#N)C#CC(C#N)(C#N)CCCC1
1228,CNC(=O)C1C#CC(C)(C)CCCC1
1229,CC(=O)C1(C#N)C#CC(C)(C)CCCC1
1230,COC(=O)C1(C(=O)OC)C#CC(Br)(c2ccccc2)CCCC1
1231,COC(=O)C1(Cl)C#CCCCCC1
1232,COC(=O)C1(C(F)(F)F)C#CC(C#N)(C#N)CCCC1
1233,ClC1(Cl)C#CC(c2ccccc2)CCCC1
1234,BrC1(Br)C#CC(Br)(Br)CCCC1
1235,COC(=O)C1(C(=O)OC)C#CC(Cl)(C(F)(F)F)CCCC1
1236,COC(=O)C1(C(=O)OC)C#CC(Cl)CCCC1
1237,COC(=O)C1(Br)C#CC(C(=O)OC)(C(=O)OC)CCCC1
1238,FC(F)(F)C1(F)C#CC(C(F)(F)F)(C(F)(F)F)CCCC1
1239,CC(=O)C1(C)C#CCCCCC1
1240,COC1(OC)C#CC(C)(C(C)=O)CCCC1
1241,CC(=O)C1(Br)C#CC(Br)(Br)CCCC1
1242,CC1(C)C#CC(Br)(C(F)(F)F)CCCC1
1243,FC(F)(F)C1C#CC(c2ccccc2)(c2ccccc2)CCCC1
1244,COC(=O)C1C#CC(C(F)(F)F)(C(F)(F)F)CCCC1
1245,COC(=O)C1(C(C)=O)C#CC(F)(F)CCCC1
1246,COC1(F)C#CC(C(F)(F)F)(C(F)(F)F)CCCC1
1247,CC(=O)C1(C(C)=O)C#CC(F)(C(F)(F)F)CCCC1
1248,CC(=O)C1(Cl)C#CC(C#N)(C#N)CCCC1
1249,CC1(C)C#CC(Br)(Br)CCCC1
1250,CNC(=O)C1C#CC(F)(F)CCCC1
1251,COC1(C(C)=O)C#CC(C#N)(C#N)CCCC1
1252,CC1(C(F)(F)F)C#CC(c2ccccc2)(c2ccccc2)CCCC1
1253,COC1(OC)C#CC(c2ccccc2)(c2ccccc2)CCCC1
1254,N#CC1(C#N)C#CC(C#N)(C#N)CCCC1
1255,CC(=O)C1(C(C)=O)C#CC(Cl)(c2ccccc2)CCCC1
1256,CNC(=O)C1(C(=O)NC)C#CC(Cl)(C(C)=O)CCCC1
1257,CC(=O)C1(Br)C#CC(C(F)(F)F)(C(F)(F)F)CCCC1
1258,COC1(C(F)(F)F)C#CC(C(C)=O)(C(C)=O)CCCC1
1259,CC1C#CC(C(F)(F)F)(C(F)(F)F)CCCC1
1260,COC(=O)C1(OC)C#CC(C#N)(C#N)CCCC1
1261,COC1(F)C#CC(F)(F)CCCC1
1262,COC1(OC)C#CC(Cl)(Cl)CCCC1
1263,COC(=O)C1(OC)C#CC(C(F)(F)F)(C(F)(F)F)CCCC1
1264,COC1(C(C)=O)C#CC(F)(F)CCCC1
1265,COC(=O)C1(F)C#CC(OC)(OC)CCCC1
1266,BrC1(Br)C#CC(Br)(c2ccccc2)CCCC1
1267,COC(=O)C1(C(=O)OC)C#CC(F)(Br)CCCC1
1268,CC(=O)C1(C(F)(F)F)C#CC(C)(C)CCCC1
1269,CC(=O)C1(C(C)=O)C#CC(c2ccccc2)(c2ccccc2)CCCC1
1270,COC1(OC)C#CC(Br)(c2ccccc2)CCCC1
1271,CC1(C#N)C#CCCCCC1
1272,COC1(OC)C#CC(C)(C#N)CCCC1
1273,FC1(F)C#CC(Br)CCCC1
1274,N#CC1(C#N)C#CCCCCC1
1275,FC1(Br)C#CC(c2ccccc2)(c2ccccc2)CCCC1
1276,CNC(=O)C1(Cl)C#CC(F)(F)CCCC1
1277,CC1(C)C#CC(F)(F)CCCC1
1278,CC(=O)C1(C(C)=O)C#CC(C(C)=O)(C(C)=O)CCCC1
1279,ClC1(Cl)C#CC(Cl)(Br)CCCC1
1280,CNC(=O)C1(C(=O)NC)C#CC(F)CCCC1
1281,COC(=O)C1(F)C#CC(C(F)(F)F)(C(F)(F)F)CCCC1
1282,FC(F)(F)C1(Br)C#CC(Br)(Br)CCCC1
1283,FC1(Br)C#CCCCCC1
1284,COC1(OC)C#CC(Cl)(Cl)CCCC1
1285,FC1(c2ccccc2)C#CCCCCC1
1286,CNC(=O)C1(c2ccccc2)C#CC(F)(F)CCCC1
1287,COC1(C#N)C#CC(C#N)(C#N)CCCC1
1288,CC1(Br)C#CC(C#N)(C#N)CCCC1
1289,CNC(=O)C1(C(=O)NC)C#CC(OC)(OC)CCCC1
1290,COC1(C(C)=O)C#CC(C(C)=O)(C(C)=O)CCCC1
1291,FC1(F)C#CC(C(F)(F)F)CCCC1
1292,N#CC1(C#N)C#CC(Br)(C(F)(F)F)CCCC1
1293,N#CC1(Br)C#CC(Br)(Br)CCCC1
1294,COC(=O)C1(C(C)=O)C#CC(C(=O)OC)(C(=O)OC)CCCC1
1295,CNC(=O)C1(Br)C#CC(Br)(Br)CCCC1
1296,COC1(F)C#CC(C(C)=O)(C(C)=O)CCCC1
1297,COC1(Cl)C#CCCCCC1
1298,CNC(=O)C1(Cl)C#CC(C#N)(C#N)CCCC1
1299,CNC(=O)C1(C(=O)NC)C#CC(Cl)(c2ccccc2)CCCC1
1300,COC1(C(F)(F)F)C#CC(C(F)(F)F)(C(F)(F)F)CCCC1
1301,COC1(F)C#CC(C#N)(C#N)CCCC1
1302,CC1(C)C#CC(C)(c2ccccc2)CCCC1
1303,CC1(C)C#CC(C)(Br)CCCC1
1304,CC(=O)C1(C(F)(F)F)C#CC(c2ccccc2)(c2ccccc2)CCCC1
1305,COC(=O)C1(C(=O)OC)C#CC(C#N)(c2ccccc2)CCCC1
1306,COC1(Cl)C#CCCCCC1
1307,N#CC1(c2ccccc2)C#CC(c2ccccc2)(c2ccccc2)CCCC1
1308,CNC(=O)C1(F)C#CC(C(C)=O)(C(C)=O)CCCC1
1309,N#CC1(Cl)C#CCCCCC1
1310,CC(=O)C1(C(C)=O)C#CC(Br)(C(F)(F)F)CCCC1
1311,CNC(=O)C1(C(F)(F)F)C#CC(OC)(OC)CCCC1
1312,COC1(Br)C#CC(F)(F)CCCC1
1313,COC(=O)C1(F)C#CC(Br)(Br)CCCC1
1314,CC1(C)C#CC(Cl)(c2ccccc2)CCCC1
1315,CC1C#CC(Cl)(Cl)CCCC1
1316,CNC(=O)C1(C(=O)NC)C#CC(Cl)CCCC1
1317,FC1(F)C#CC(F)(F)CCCC1
1318,N#CC1(C#N)C#CC(Br)(C(F)(F)F)CCCC1
1319,CNC(=O)C1(Br)C#CC(C)(C)CCCC1
1320,N#CC1(C#N)C#CC(c2ccccc2)(c2ccccc2)CCCC1
1321,COC1(F)C#CC(c2ccccc2)(c2ccccc2)CCCC1
1322,COC(=O)C1(C(=O)OC)C#CC(C(C)=O)(C(F)(F)F)CCCC1
1323,CC(=O)C1(C(F)(F)F)C#CCCCCC1
1324,CNC(=O)C1(C(=O)OC)C#CC(C(C)=O)(C(C)=O)CCCC1
1325,COC(=O)C1(C(=O)OC)C#CC(C)CCCC1
1326,COC1(OC)C#CC(C)(Br)CCCC1
1327,COC(=O)C1(C(=O)OC)C#CC(c2ccccc2)(C(F)(F)F)CCCC1
1328,CNC(=O)C1(c2ccccc2)C#CC(C#N)(C#N)CCCC1
1329,COC(=O)C1(OC)C#CC(Cl)(Cl)CCCC1
1330,CNC(=O)C1(C(=O)NC)C#CC(Cl)(OC)CCCC1
1331,CC1(C)C#CC(F)CCCC1
1332,COC(=O)C1(OC)C#CC(C(F)(F)F)(C(F)(F)F)CCCC1
1333,CC(=O)C1(Cl)C#CC(Cl)(Cl)CCCC1
1334,COC(=O)C1(C(=O)OC)C#CC(OC)(OC)CCCC1
1335,CNC(=O)C1(C(C)=O)C#CC(C(=O)OC)(C(=O)OC)CCCC1
1336,CC1(c2ccccc2)C#CC(F)(F)CCCC1
1337,CC1C#CC(C#N)(C#N)CCCC1
1338,COC(=O)C1(C(C)=O)C#CC(OC)(OC)CCCC1
1339,COC(=O)C1(C#N)C#CC(C(C)=O)(C(C)=O)CCCC1
1340,CC1(Cl)C#CC(C#N)(C#N)CCCC1
1341,FC1C#CC(F)(F)CCCC1
1342,CNC(=O)C1(F)C#CC(F)(F)CCCC1
1343,FC1(c2ccccc2)C#CC(Br)(Br)CCCC1
1344,ClC1(Br)C#CC(Br)(Br)CCCC1
1345,CC(=O)C1(Br)C#CCCCCC1
1346,CC(=O)C1(C(F)(F)F)C#CCCCCC1
1347,CC(=O)C1(Br)C#CC(C(C)=O)(C(C)=O)CCCC1
1348,COC(=O)C1(c2ccccc2)C#CC(Cl)(Cl)CCCC1
1349,CC(=O)C1(Br)C#CC(C)(C)CCCC1
1350,COC(=O)C1(C(C)=O)C#CC(F)(F)CCCC1
1351,COC1(OC)C#CC(C(C)=O)(C(C)=O)CCCC1
1352,COC(=O)C1(C(F)(F)F)C#CC(Br)(Br)CCCC1
1353,CNC(=O)C1(C(=O)OC)C#CC(Br)(Br)CCCC1
1354,N#CC1(C#N)C#CC(F)(F)CCCC1
1355,COC1(OC)C#CC(F)(F)CCCC1
1356,CNC(=O)C1C#CC(Br)(Br)CCCC1
1357,CC(=O)C1(C(C)=O)C#CC(Cl)(C(F)(F)F)CCCC1
1358,FC(F)(F)C1(c2ccccc2)C#CC(C(F)(F)F)(C(F)(F)F)CCCC1
1359,COC(=O)C1(C(F)(F)F)C#CC(C(C)=O)(C(C)=O)CCCC1
1360,CNC(=O)C1(C(C)=O)C#CC(C)(C)CCCC1
1361,CC(=O)C1(C(C)=O)C#CC(C)(Cl)CCCC1
1362,COC(=O)C1(C(=O)OC)C#CC(C#N)(C(F)(F)F)CCCC1
1363,COC(=O)C1(C#N)C#CC(C(F)(F)F)(C(F)(F)F)CCCC1
1364,CC(=O)C1(C(F)(F)F)C#CC(C(F)(F)F)(C(F)(F)F)CCCC1
1365,COC(=O)C1(c2ccccc2)C#CC(OC)(OC)CCCC1
1366,BrC1(c2ccccc2)C#CCCCCC1
1367,FC(F)(F)C1(C(F)(F)F)C#CC(Cl)(c2ccccc2)CCCC1
1368,CC(=O)C1(C(C)=O)C#CC(C)CCCC1
1369,CC1(C)C#CC(C#N)(C(F)(F)F)CCCC1
1370,COC(=O)C1C#CC(C)(C)CCCC1
1371,BrC1(Br)C#CC(c2ccccc2)CCCC1
1372,COC(=O)C1(C(C)=O)C#CC(C(=O)OC)(C(=O)OC)CCCC1
1373,N#CC1(Br)C#CC(Cl)(Cl)CCCC1
1374,CC1(C)C#CC(C#N)(C(F)(F)F)CCCC1
1375,COC(=O)C1(C#N)C#CC(c2ccccc2)(c2ccccc2)CCCC1
1376,CNC(=O)C1(C(=O)NC)C#CC(OC)(C(F)(F)F)CCCC1
1377,CNC(=O)C1(C(C)=O)C#CC(Cl)(Cl)CCCC1
1378,N#CC1(C#N)C#CC(c2ccccc2)(C(F)(F)F)CCCC1
1379,COC1(C)C#CC(F)(F)CCCC1
1380,FC(F)(F)C1(c2ccccc2)C#CC(C(F)(F)F)(C(F)(F)F)CCCC1
1381,CNC(=O)C1(Br)C#CC(F)(F)CCCC1
1382,COC(=O)C1(C(=O)OC)C#CC(F)(C(C)=O)CCCC1
1383,COC1C#CC(C)(C)CCCC1
1384,ClC1(Br)C#CCCCCC1
1385,CNC(=O)C1C#CC(C)(C)CCCC1
1386,CC(=O)C1(C(C)=O)C#CC(C)(F)CCCC1
1387,FC1(F)C#CC(Cl)(C(F)(F)F)CCCC1
1388,COC(=O)C1(C(=O)OC)C#CC(F)(F)CCCC1
1389,CNC(=O)C1(F)C#CC(C(C)=O)(C(C)=O)CCCC1
1390,COC1C#CC(Br)(Br)CCCC1
1391,CC1(C)C#CC(c2ccccc2)(C(F)(F)F)CCCC1
1392,CNC(=O)C1(C(C)=O)C#CC(C#N)(C#N)CCCC1
1393,CNC(=O)C1(C(=O)NC)C#CC(F)(C(C)=O)CCCC1
1394,COC1(F)C#CC(c2ccccc2)(c2ccccc2)CCCC1
1395,COC(=O)C1(C#N)C#CCCCCC1
1396,COC(=O)C1C#CC(F)(F)CCCC1
1397,N#CC1(Br)C#CC(c2ccccc2)(c2ccccc2)CCCC1
1398,CC(=O)C1(C(C)=O)C#CC(F)(F)CCCC1
1399,CC(=O)C1(C(C)=O)C#CC(C)(Cl)CCCC1
1400,COC(=O)C1(C)C#CC(F)(F)CCCC1
1401,COC1(C(F)(F)F)C#CC(c2ccccc2)(c2ccccc2)CCCC1
1402,CC1(C(F)(F)F)C#CC(C(F)(F)F)(C(F)(F)F)CCCC1
1403,COC1(OC)C#CC(F)CCCC1
1404,CNC(=O)C1(Br)C#CC(c2ccccc2)(c2ccccc2)CCCC1
1405,CC(=O)C1(C(F)(F)F)C#CC(C)(C)CCCC1
1406,N#CC1(C#N)C#CC(C#N)(C#N)CCCC1
1407,COC1(c2ccccc2)C#CC(Cl)(Cl)CCCC1
1408,CC(=O)C1(C(C)=O)C#CC(c2ccccc2)(c2ccccc2)CCCC1
1409,CNC(=O)C1(c2ccccc2)C#CC(C(F)(F)F)(C(F)(F)F)CCCC1
1410,COC1(C)C#CC(C#N)(C#N)CCCC1
1411,CNC(=O)C1(OC)C#CC(c2ccccc2)(c2ccccc2)CCCC1
1412,ClC1(Cl)C#CCCCCC1
1413,CC1C#CC(c2ccccc2)(c2ccccc2)CCCC1
1414,COC1(C#N)C#CCCCCC1
1415,CNC(=O)C1(C(=O)NC)C#CC(C(=O)OC)(C(=O)OC)CCCC1
1416,CC1(C)C#CC(Cl)(Br)CCCC1
1417,CC(=O)C1(C(C)=O)C#CC(Cl)(Br)CCCC1
1418,FC1(Br)C#CC(Cl)(Cl)CCCC1
1419,FC(F)(F)C1(C(F)(F)F)C#CC(Cl)(Cl)CCCC1
1420,COC(=O)C1(C(=O)OC)C#CC(C(C)=O)CCCC1
1421,CNC(=O)C1(OC)C#CC(C)(C)CCCC1
1422,N#CC1C#CC(c2ccccc2)(c2ccccc2)CCCC1
1423,COC1(C(F)(F)F)C#CC(F)(F)CCCC1
1424,CNC(=O)C1(C#N)C#CC(C(F)(F)F)(C(F)(F)F)CCCC1
1425,CNC(=O)C1(C(=O)NC)C#CC(C#N)(C(F)(F)F)CCCC1
1426,ClC1C#CCCCCC1
1427,CNC(=O)C1(C(=O)NC)C#CC(C(=O)OC)(C(F)(F)F)CCCC1
1428,CNC(=O)C1C#CC(Cl)(Cl)CCCC1
1429,CC1(C(F)(F)F)C#CC(F)(F)CCCC1
1430,N#CC1(Cl)C#CC(C(F)(F)F)(C(F)(F)F)CCCC1
1431,CC1(C(F)(F)F)C#CC(C#N)(C#N)CCCC1
1432,CNC(=O)C1(C(=O)NC)C#CC(OC)CCCC1
1433,COC(=O)C1(C(C)=O)C#CC(C(C)=O)(C(C)=O)CCCC1
1434,N#CC1(C#N)C#CC(Cl)(C(F)(F)F)CCCC1
1435,CC1C#CC(C(F)(F)F)(C(F)(F)F)CCCC1
1436,CC(=O)C1(C(C)=O)C#CC(F)(Cl)CCCC1
1437,CNC(=O)C1C#CC(Cl)(Cl)CCCC1
1438,CC(=O)C1(F)C#CC(C(F)(F)F)(C(F)(F)F)CCCC1
1439,CNC(=O)C1(Cl)C#CC(F)(F)CCCC1
1440,C1#CC(c2ccccc2)(c2ccccc2)CCCCC1(c1ccccc1)c1ccccc1
1441,COC(=O)C1(Br)C#CC(F)(F)CCCC1
1442,CNC(=O)C1(Cl)C#CC(C(=O)OC)(C(=O)OC)CCCC1
1443,CNC(=O)C1(C(F)(F)F)C#CC(C(F)(F)F)(C(F)(F)F)CCCC1
1444,CNC(=O)C1(F)C#CC(C(=O)NC)(C(=O)NC)CCCC1
1445,FC1(F)C#CC(Cl)(Cl)CCCC1
1446,FC1(Br)C#CCCCCC1
1447,CNC(=O)C1(OC)C#CC(C#N)(C#N)CCCC1
1448,CC1(C)C#CC(Br)(C#N)CCCC1
1449,CNC(=O)C1(C(=O)NC)C#CC(Cl)(OC)CCCC1
1450,COC1C#CC(C(F)(F)F)(C(F)(F)F)CCCC1
1451,CC(=O)C1(C(C)=O)C#CC(C(F)(F)F)(C(F)(F)F)CCCC1
1452,FC1C#CC(c2ccccc2)(c2ccccc2)CCCC1
1453,COC(=O)C1(C)C#CC(C)(C)CCCC1
1454,N#CC1(C(F)(F)F)C#CCCCCC1
1455,COC1(Br)C#CC(C(C)=O)(C(C)=O)CCCC1
1456,COC(=O)C1(C)C#CC(C(=O)OC)(C(=O)OC)CCCC1
1457,FC1(F)C#CC(Cl)(Br)CCCC1
1458,COC(=O)C1(OC)C#CC(C(F)(F)F)(C(F)(F)F)CCCC1
1459,CNC(=O)C1C#CC(C#N)(C#N)CCCC1
1460,COC1(OC)C#CC(c2ccccc2)(C(F)(F)F)CCCC1
1461,COC1(C(C)=O)C#CC(C(F)(F)F)(C(F)(F)F)CCCC1
1462,COC(=O)C1C#CC(c2ccccc2)(c2ccccc2)CCCC1
1463,COC(=O)C1(C(=O)OC)C#CC(C#N)CCCC1
1464,ClC1(Cl)C#CC(c2ccccc2)CCCC1
1465,CNC(=O)C1(C(=O)NC)C#CC(C)(OC)CCCC1
1466,CNC(=O)C1(F)C#CC(C(=O)NC)(C(=O)NC)CCCC1
1467,CNC(=O)C1(C(=O)NC)C#CC(c2ccccc2)CCCC1
1468,C1#CC(c2ccccc2)(c2ccccc2)CCCCC1c1ccccc1
1469,COC(=O)C1(c2ccccc2)C#CC(c2ccccc2)(c2ccccc2)CCCC1
1470,CNC(=O)C1(Br)C#CC(F)(F)CCCC1
1471,N#CC1(C(F)(F)F)C#CC(Br)(Br)CCCC1
1472,COC(=O)C1(Cl)C#CC(C(C)=O)(C(C)=O)CCCC1
1473,CC1(C#N)C#CC(F)(F)CCCC1
1474,N#CC1(c2ccccc2)C#CC(Br)(Br)CCCC1
1475,COC1(Br)C#CC(Br)(Br)CCCC1
1476,COC1(C)C#CC(C#N)(C#N)CCCC1
1477,COC(=O)C1(C(=O)OC)C#CC(Br)(C(C)=O)CCCC1
1478,CNC(=O)C1(C(=O)NC)C#CC(C(C)=O)(C(F)(F)F)CCCC1
1479,COC1(C#N)C#CC(C(F)(F)F)(C(F)(F)F)CCCC1
1480,CC1(C)C#CC(F)(C(F)(F)F)CCCC1
1481,CC(=O)C1(C(C)=O)C#CC(Br)(C(F)(F)F)CCCC1
1482,COC1(OC)C#CC(C)CCCC1
1483,COC1(OC)C#CC(OC)(C(F)(F)F)CCCC1
1484,COC1(OC)C#CC(C#N)(C#N)CCCC1
1485,COC(=O)C1(C#N)C#CC(c2ccccc2)(c2ccccc2)CCCC1
1486,CC(=O)C1(C(C)=O)C#CC(Cl)(c2ccccc2)CCCC1
1487,COC1(OC)C#CC(C(C)=O)(c2ccccc2)CCCC1
1488,COC(=O)C1(C(=O)OC)C#CC(Cl)CCCC1
1489,COC1(C)C#CC(Br)(Br)CCCC1
1490,CC(=O)C1(Br)C#CC(F)(F)CCCC1
1491,N#CC1(Br)C#CC(Br)(Br)CCCC1
1492,CC1(C)C#CC(C#N)(C#N)CCCC1
1493,CC(=O)C1(C#N)C#CC(C(F)(F)F)(C(F)(F)F)CCCC1
1494,COC1(F)C#CC(F)(F)CCCC1
1495,CC(=O)C1(C(C)=O)C#CC(F)(C#N)CCCC1
1496,CC1(c2ccccc2)C#CC(c2ccccc2)(c2ccccc2)CCCC1
1497,FC1(F)C#CC(F)(F)CCCC1
1498,COC1(OC)C#CC(C#N)CCCC1
1499,CC1(C#N)C#CC(c2ccccc2)(c2ccccc2)CCCC1
